equipment_type,category,loss_type,link_type,link,date,manually_changed
P-14 'Tall King',Radars And Communications Equipment,damaged,postimg,https://i.postimg.cc/rpWmrPLb/57.png,24-02-2022,False
P-18 'Spoon Rest D',Radars And Communications Equipment,captured,postimg,https://i.postimg.cc/05C9PWrs/3270.png,02-05-2022,False
P-18 'Malakhit',Radars And Communications Equipment,destroyed,postimg,https://i.postimg.cc/65HZYY3X/39.png,23-08-2023,False
P-18 'Malakhit',Radars And Communications Equipment,captured,postimg,https://i.postimg.cc/0yLgprHM/470.png,17-04-2022,False
Support vehicle (for 1RL131 P-18 'Terek' early warning radar),Radars And Communications Equipment,captured,postimg,https://i.postimg.cc/gjmtgKPy/470.png,02-05-2022,False
P-19 'Flat Face B',Radars And Communications Equipment,destroyed,postimg,https://i.postimg.cc/G2SG2d2W/578.png,25-02-2022,False
P-35/37 'Bar Lock',Radars And Communications Equipment,destroyed,postimg,https://i.postimg.cc/WpShQwBk/5547.png,24-02-2022,False
PRV-11 'Side Net',Radars And Communications Equipment,captured,postimg,https://i.postimg.cc/kG7k6sVR/47.png,02-05-2022,False
PRV-13 'Odd Pair',Radars And Communications Equipment,destroyed,postimg,https://i.postimg.cc/pXwx79Lj/557.png,24-02-2022,False
PRV-13 'Odd Pair',Radars And Communications Equipment,captured,postimg,https://i.postimg.cc/K8PQrnB2/360.png,05-09-2022,False
1L22 'Parol',Radars And Communications Equipment,destroyed,postimg,https://i.postimg.cc/SRjk0C96/6659.png,24-02-2022,False
1L22 'Parol',Radars And Communications Equipment,damaged,postimg,https://postimg.cc/9Dcvz02c,24-02-2022,False
1L22 'Parol',Radars And Communications Equipment,captured,postimg,https://i.postimg.cc/jqHGyDrQ/390.png,02-05-2022,False
36D6 'Tin Shield',Radars And Communications Equipment,destroyed,postimg,https://i.postimg.cc/m2kp8gCH/4fj.png,25-02-2022,False
36D6 'Tin Shield',Radars And Communications Equipment,destroyed,postimg,https://i.postimg.cc/QM6YtDQ5/57.png,02-05-2022,False
36D6 'Tin Shield',Radars And Communications Equipment,destroyed,postimg,https://i.postimg.cc/PJzGKLv0/2002.jpg,23-07-2022,False
36D6 'Tin Shield',Radars And Communications Equipment,captured,postimg,https://i.postimg.cc/Yqssmzzz/5549.png,30-03-2022,False
5N63S 'Flap Lid B' (for S-300PS),Radars And Communications Equipment,destroyed,postimg,https://i.postimg.cc/HL6xTdWb/776.jpg,07-04-2022,False
5N63S 'Flap Lid B' (for S-300PS),Radars And Communications Equipment,destroyed,postimg,https://i.postimg.cc/J4bbwxcQ/431.png,04-04-2022,False
5N63S 'Flap Lid B' (for S-300PS),Radars And Communications Equipment,destroyed,postimg,https://i.postimg.cc/vHQBPwXb/43g.png,04-04-2022,False
5N63S 'Flap Lid B' (for S-300PS),Radars And Communications Equipment,destroyed,postimg,https://i.postimg.cc/1t8xmKF8/448.png,18-08-2022,False
5N63S 'Flap Lid B' (for S-300PS),Radars And Communications Equipment,destroyed,postimg,https://i.postimg.cc/wxX9gVxs/2002-5-N63-S-Flap-Lid-A-Engagement-and-Fire-Control-Radar-for-the-S-300-PS.jpg,08-10-2022,False
5N63S 'Flap Lid B' (for S-300PS),Radars And Communications Equipment,destroyed,postimg,https://i.postimg.cc/5N2RwqKh/46h.png,27-03-2023,False
5N63-1 'Flap Lid A' on 40V6M mast (for S-300PT),Radars And Communications Equipment,captured,postimg,https://i.postimg.cc/8kvsqvdC/d7.jpg,30-03-2022,False
5N66M 'Clam Shell' on 40V6M mast (for S-300PT),Radars And Communications Equipment,captured,postimg,https://i.postimg.cc/yd3VHh08/564.jpg,30-03-2022,False
"R-410-7,5 tropospheric radio relay communication station",Radars And Communications Equipment,destroyed,postimg,https://i.postimg.cc/G2RBm0Rp/ff3.jpg,02-04-2022,False
SNAR-10 battlefield surveillance radar,Radars And Communications Equipment,destroyed,postimg,https://i.postimg.cc/vBgWF77N/473.png,17-12-2022,False
SNAR-10 battlefield surveillance radar,Radars And Communications Equipment,captured,postimg,https://i.postimg.cc/c4DVgZbq/224.png,07-03-2022,False
SNAR-10 battlefield surveillance radar,Radars And Communications Equipment,captured,postimg,https://i.postimg.cc/T1D2X7fy/jm.png,13-04-2022,False
AN/TPQ-49 lightweight counter mortar radar,Radars And Communications Equipment,captured,postimg,https://i.postimg.cc/fRgwnrkP/d6.png,17-03-2022,False
AN/TPQ-50 counter-battery radar,Radars And Communications Equipment,destroyed,postimg,https://i.postimg.cc/dV3Qdbpq/6511.png,10-09-2023,False
AN/TPQ-50 counter-battery radar,Radars And Communications Equipment,destroyed,postimg,https://i.postimg.cc/DyKhkJLK/245.png,17-09-2023,False
Unknown counter mortar/battery radar,Radars And Communications Equipment,damaged,postimg,https://i.postimg.cc/SQ2hn9Gm/437.png,16-09-2023,False
RADA ieMHR,Radars And Communications Equipment,destroyed,postimg,https://i.postimg.cc/g0xymkWN/2017_RADA_ieMHR_radar_destr_24_02_24.jpg,NO_DATE_FOUND,False
NOTA,Radars And Communications Equipment,captured,postimg,https://i.postimg.cc/PxMv7FNc/4437.png,04-06-2022,False
NOTA,Jammers And Deception Systems,captured,postimg,https://i.postimg.cc/PxMv7FNc/4437.png,04-06-2022,False
MiG-29 fighter aircraft,Aircraft,destroyed,postimg,https://i.postimg.cc/XYtgd1XH/g68.png ,24-02-2022,False
MiG-29 fighter aircraft,Aircraft,destroyed,postimg,https://i.postimg.cc/bYGXz89F/3f.png,24-02-2022,False
MiG-29 fighter aircraft,Aircraft,destroyed,postimg,https://i.postimg.cc/tC7ZDK50/532.png,NO_DATE_FOUND,False
MiG-29 fighter aircraft,Aircraft,destroyed,postimg,https://postimg.cc/jnrqwmxR,24-07-2022,False
MiG-29 fighter aircraft,Aircraft,destroyed,postimg,https://i.postimg.cc/KcNhcMtc/3114.png,NO_DATE_FOUND,False
MiG-29 fighter aircraft,Aircraft,destroyed,postimg,https://i.postimg.cc/6q91j7pf/1300.jpg,08-03-2022,False
MiG-29 fighter aircraft,Aircraft,destroyed,postimg,https://i.postimg.cc/TYpbCRPG/548.png,13-03-2022,False
MiG-29 fighter aircraft,Aircraft,destroyed,postimg,https://i.postimg.cc/k5bY36V0/4f114.png,NO_DATE_FOUND,False
MiG-29 fighter aircraft,Aircraft,destroyed,postimg,https://i.postimg.cc/nLCsDSBB/542.png,16-03-2022,False
MiG-29 fighter aircraft,Aircraft,destroyed,postimg,https://i.postimg.cc/nVsqVZzK/4388.png,NO_DATE_FOUND,False
MiG-29 fighter aircraft,Aircraft,destroyed,postimg,https://i.postimg.cc/zDgwM9Dm/4439.png,NO_DATE_FOUND,False
MiG-29 fighter aircraft,Aircraft,destroyed on the ground,postimg,https://i.postimg.cc/bY9szz6f/6651.png,07-07-2022,False
MiG-29 fighter aircraft,Aircraft,destroyed on the ground,postimg,https://i.postimg.cc/3x7HkxGb/5426.png,25-09-2023,False
Su-25 close air support aircraft,Aircraft,destroyed,postimg,https://i.postimg.cc/YC63jp5h/p1.png,26-02-2022,False
Su-25 close air support aircraft,Aircraft,destroyed,postimg,https://i.postimg.cc/zfqkgsNp/p2.png,26-02-2022,False
Su-25 close air support aircraft,Aircraft,destroyed,postimg,https://i.postimg.cc/rmZ7jy9j/3329.png,NO_DATE_FOUND,False
Su-25 close air support aircraft,Aircraft,destroyed,postimg,https://i.postimg.cc/C5fYn87Q/542f.png,10-03-2022,False
Su-25 close air support aircraft,Aircraft,destroyed,postimg,https://i.postimg.cc/Hnv8NnNz/554.png,25-02-2022,False
Su-25 close air support aircraft,Aircraft,destroyed,postimg,https://i.postimg.cc/N09Nt886/669.png,NO_DATE_FOUND,False
Su-25 close air support aircraft,Aircraft,destroyed,postimg,https://i.postimg.cc/mD8NFMTY/f5.png,15-04-2022,False
Su-25 close air support aircraft,Aircraft,destroyed,postimg,https://i.postimg.cc/sxysJGKk/58.png,NO_DATE_FOUND,False
Su-25 close air support aircraft,Aircraft,destroyed,postimg,https://i.postimg.cc/5tmrhZrn/2001.jpg,NO_DATE_FOUND,False
Su-25 close air support aircraft,Aircraft,destroyed,postimg,https://i.postimg.cc/2ym06SYn/229.png,07-09-2022,False
Su-25 close air support aircraft,Aircraft,destroyed,postimg,https://i.postimg.cc/qBF97szr/62.png,NO_DATE_FOUND,False
Su-27 fighter aircraft,Aircraft,destroyed,postimg,https://i.postimg.cc/bN1TbkjC/46.png,25-02-2022,False
Su-27 fighter aircraft,Aircraft,destroyed,postimg,https://i.postimg.cc/dQWVLThg/326.png,28-02-2022,False
Su-27 fighter aircraft,Aircraft,destroyed,postimg,https://i.postimg.cc/fR6S8HY7/4f.png,NO_DATE_FOUND,False
Su-27 fighter aircraft,Aircraft,destroyed,postimg,https://i.postimg.cc/g2crXNnW/662.png,NO_DATE_FOUND,False
Su-27 fighter aircraft,Aircraft,destroyed,postimg,https://i.postimg.cc/tgDL4PKN/6523.png,NO_DATE_FOUND,False
Su-27 fighter aircraft,Aircraft,destroyed,postimg,https://i.postimg.cc/yYYnJqkd/332o.png,10-03-2022,False
Su-27 fighter aircraft,Aircraft,destroyed,postimg,https://i.postimg.cc/g01tJpzN/3fp.png,28-03-2023,False
Su-24M strike aircraft,Aircraft,destroyed,postimg,https://i.postimg.cc/L85FXF1d/7999.png,NO_DATE_FOUND,False
Su-24M strike aircraft,Aircraft,destroyed,postimg,https://i.postimg.cc/wM3HJxdb/3260.png,NO_DATE_FOUND,False
Su-24M strike aircraft,Aircraft,destroyed,postimg,https://i.postimg.cc/RhpmNb6K/531.png,NO_DATE_FOUND,False
Su-24M strike aircraft,Aircraft,destroyed,postimg,https://i.postimg.cc/htJYmC3s/29.png,NO_DATE_FOUND,False
Su-24M strike aircraft,Aircraft,destroyed,postimg,https://i.postimg.cc/hGtH70n0/531.png,NO_DATE_FOUND,False
Su-24M strike aircraft,Aircraft,destroyed,postimg,https://i.postimg.cc/sx4cct9G/531.png,NO_DATE_FOUND,False
Su-24M strike aircraft,Aircraft,destroyed,postimg,https://i.postimg.cc/nVQQVmKN/398.png,NO_DATE_FOUND,False
Su-24M strike aircraft,Aircraft,destroyed,postimg,https://i.postimg.cc/0jF7pNht/27.png,NO_DATE_FOUND,False
Su-24M strike aircraft,Aircraft,destroyed,postimg,https://i.postimg.cc/8k69sX9b/6652.png,19-05-2022,False
Su-24M strike aircraft,Aircraft,destroyed on the ground,postimg,https://i.postimg.cc/wv4ZVYw4/518.png,05-07-2022,False
L-39 Albatros jet training aircraft,Aircraft,destroyed,postimg,https://i.postimg.cc/mDYQJgsS/64.png,NO_DATE_FOUND,False
L-39 Albatros jet training aircraft,Aircraft,destroyed,postimg,https://i.postimg.cc/mDYQJgsS/64.png,NO_DATE_FOUND,False
L-39 Albatros jet training aircraft,Aircraft,destroyed,postimg,https://i.postimg.cc/zf2nkrpX/3325.png,NO_DATE_FOUND,False
Il-76(MD) transport aircraft,Aircraft,captured,postlmg,https://postlmg.cc/ThyCtysH,01-03-2022,False
An-26 transport aircraft,Aircraft,destroyed,postimg,https://i.postimg.cc/rmdB2PLQ/489.png,24-02-2022,False
Mi-2 training helicopter,Helicopters,destroyed,postimg,https://i.postimg.cc/28kZKSd2/331.png,NO_DATE_FOUND,False
Mi-2 training helicopter,Helicopters,captured,postimg,https://i.postimg.cc/htNmVbzn/887.png,23-05-2022,False
Mi-2 training helicopter,Helicopters,captured,postimg,https://i.postimg.cc/htNmVbzn/887.png,23-05-2022,False
Mi-2 training helicopter,Helicopters,captured,postimg,https://i.postimg.cc/htNmVbzn/887.png,23-05-2022,False
Mi-8 transport helicopter,Helicopters,destroyed,postimg,https://i.postimg.cc/nhHc6k3z/34.png,28-02-2022,False
Mi-8 transport helicopter,Helicopters,destroyed,postimg,https://i.postimg.cc/FKpXBSV7/79.png,31-03-2022,False
Mi-8 transport helicopter,Helicopters,destroyed,postimg,https://i.postimg.cc/wBW5vCQw/3d6.png,NO_DATE_FOUND,False
Mi-8 transport helicopter,Helicopters,destroyed,postimg,https://i.postimg.cc/wBW5vCQw/3d6.png,NO_DATE_FOUND,False
Mi-8 transport helicopter,Helicopters,destroyed,postimg,https://i.postimg.cc/136TTS48/1887.png,NO_DATE_FOUND,False
Mi-8 transport helicopter,Helicopters,destroyed,postimg,https://i.postimg.cc/y8GgrPfR/3270.png,06-03-2022,False
Mi-8 transport helicopter,Helicopters,destroyed,postimg,https://i.postimg.cc/GhZDhNht/4665.png,18-06-2022,False
Mi-8 transport helicopter,Helicopters,destroyed,postimg,https://i.postimg.cc/8cxzWk7Z/65g2.png,NO_DATE_FOUND,False
Mi-8 transport helicopter,Helicopters,destroyed,postimg,https://i.postimg.cc/RZ2n6L74/2004-mi8-destr.jpg,11-12-2022,False
Mi-8 transport helicopter,Helicopters,destroyed,postimg,https://i.postimg.cc/bvB5cyG3/54g5.png,NO_DATE_FOUND,False
Mi-8 transport helicopter,Helicopters,destroyed,postimg,https://i.postimg.cc/bvB5cyG3/54g5.png,NO_DATE_FOUND,False
Mi-8 transport helicopter,Helicopters,destroyed,postimg,https://i.postimg.cc/Y0sgFsyW/553.png,NO_DATE_FOUND,False
Mi-8 transport helicopter,Helicopters,destroyed,postimg,https://i.postimg.cc/tgVZ0xfM/347.png,06-03-2022,False
Mi-24P attack helicopter,Helicopters,destroyed,postimg,https://i.postimg.cc/3xT0zpGZ/54.png,22-05-2022,False
Mi-24P attack helicopter,Helicopters,destroyed,postimg,https://i.postimg.cc/s2h82Dr3/332.png,09-08-2022,False
Mi-24 attack helicopter,Helicopters,destroyed,postimg,https://i.postimg.cc/N0fx6ym4/2s.png,NO_DATE_FOUND,False
Bayraktar TB2,Unmanned Combat Aerial Vehicles,destroyed,postimg,https://i.postimg.cc/0yTqfP7n/314.png,NO_DATE_FOUND,False
Bayraktar TB2,Unmanned Combat Aerial Vehicles,destroyed,postimg,https://i.postimg.cc/0rR38Jw1/241.png,30-03-2022,False
Bayraktar TB2,Unmanned Combat Aerial Vehicles,destroyed,postimg,https://i.postimg.cc/PqzGsG3M/329.png,NO_DATE_FOUND,False
Bayraktar TB2,Unmanned Combat Aerial Vehicles,destroyed,postimg,https://i.postimg.cc/kX0F9FCc/b1.png,27-04-2022,False
Bayraktar TB2,Unmanned Combat Aerial Vehicles,destroyed,postimg,https://i.postimg.cc/rFQWg4Vr/6522.png,NO_DATE_FOUND,False
Bayraktar TB2,Unmanned Combat Aerial Vehicles,destroyed,postimg,https://i.postimg.cc/nh1W0Rc3/4.jpg,01-05-2022,False
Bayraktar TB2,Unmanned Combat Aerial Vehicles,destroyed,postimg,https://i.postimg.cc/nrWysFk5/43118.png,23-05-2022,False
Bayraktar TB2,Unmanned Combat Aerial Vehicles,destroyed,postimg,https://i.postimg.cc/XNKtRCXz/2000.jpg,23-07-2022,False
Bayraktar TB2,Unmanned Combat Aerial Vehicles,destroyed,postimg,https://i.postimg.cc/BnChYS2q/2003.jpg,26-07-2022,False
Avenger,Unmanned Combat Aerial Vehicles,destroyed,postimg,https://i.postimg.cc/TYfbDmSq/2.png,16-06-2023,False
A1-SM Fury,Reconnaissance Unmanned Aerial Vehicles,destroyed,postimg,https://i.postimg.cc/hGnpzJdF/4f0.png,20-03-2022,False
A1-SM Fury,Reconnaissance Unmanned Aerial Vehicles,destroyed,postimg,https://i.postimg.cc/KvBkj4zY/554.png,29-03-2022,False
A1-SM Fury,Reconnaissance Unmanned Aerial Vehicles,destroyed,postimg,https://i.postimg.cc/c4gpDpFx/488.png,17-05-2022,False
A1-SM Fury,Reconnaissance Unmanned Aerial Vehicles,destroyed,postimg,https://i.postimg.cc/7PcV58MS/332d.png,26-08-2023,False
A1-SM Fury,Reconnaissance Unmanned Aerial Vehicles,destroyed,postimg,https://i.postimg.cc/6q2R2wg0/430.png,28-08-2023,False
A1-SM Fury,Reconnaissance Unmanned Aerial Vehicles,destroyed,postimg,https://i.postimg.cc/GppV8C2d/438.png,11-09-2023,False
A1-SM Fury,Reconnaissance Unmanned Aerial Vehicles,captured,postimg,https://i.postimg.cc/wj96QDhY/317.png,02-05-2022,False
A1-SM Fury,Reconnaissance Unmanned Aerial Vehicles,captured,postimg,https://i.postimg.cc/NFtSQZQN/3d5.png,30-05-2022,False
A1-SM Fury,Reconnaissance Unmanned Aerial Vehicles,captured,postimg,https://i.postimg.cc/zXLjKRdV/2001-A1-SM-Fury.jpg,NO_DATE_FOUND,False
A1-SM Fury,Reconnaissance Unmanned Aerial Vehicles,captured,postimg,https://i.postimg.cc/Kc9zf0HQ/4376.png,27-10-2022,False
A1-SM Fury,Reconnaissance Unmanned Aerial Vehicles,captured,postimg,https://i.postimg.cc/QdQQwy4B/2001-A1-SM-Fury-UAV-capt.jpg,27-11-2022,False
A1-SM Fury,Reconnaissance Unmanned Aerial Vehicles,captured,postimg,https://i.postimg.cc/TY7bG6hy/2001-A1-SM-Fury-capt.jpg,12-12-2022,False
A1-SM Fury,Reconnaissance Unmanned Aerial Vehicles,captured,postimg,https://i.postimg.cc/GtSbKKxW/4.png,31-07-2022,False
A1-SM Fury,Reconnaissance Unmanned Aerial Vehicles,captured,postimg,https://i.postimg.cc/yNbhhd96/33d.png,16-06-2023,False
A1-SM Fury,Reconnaissance Unmanned Aerial Vehicles,captured,postimg,https://i.postimg.cc/ydS4F4mS/79.png,30-06-2023,False
A1-SM Fury,Reconnaissance Unmanned Aerial Vehicles,captured,postimg,https://i.postimg.cc/Bn5LWyXw/478.png,08-07-2023,False
A1-SM Fury,Reconnaissance Unmanned Aerial Vehicles,captured,postimg,https://i.postimg.cc/V6yCBPZm/54.png,NO_DATE_FOUND,False
A1-SM Fury,Reconnaissance Unmanned Aerial Vehicles,captured,postimg,https://i.postimg.cc/mZMJ8dK2/3770.png,09-08-2023,False
A1-SM Fury,Reconnaissance Unmanned Aerial Vehicles,captured,postimg,https://i.postimg.cc/HxWKZgjB/27.png,08-09-2023,False
ASU-1 Valkyrja,Reconnaissance Unmanned Aerial Vehicles,destroyed,postimg,https://i.postimg.cc/VNC6NC8n/314.png,11-10-2022,False
ASU-1 Valkyrja,Reconnaissance Unmanned Aerial Vehicles,destroyed,postimg,https://i.postimg.cc/SQXdD2Qr/28.png,27-06-2023,False
ASU-1 Valkyrja,Reconnaissance Unmanned Aerial Vehicles,destroyed,postimg,https://i.postimg.cc/BnYp5G9k/3277.png,16-09-2023,False
ASU-1 Valkyrja,Reconnaissance Unmanned Aerial Vehicles,destroyed,postimg,https://i.postimg.cc/DyThk9w5/3280.png,23-05-2023,False
ASU-1 Valkyrja,Reconnaissance Unmanned Aerial Vehicles,captured,postimg,https://i.postimg.cc/HWX759J4/9l.png,10-04-2028,False
ASU-1 Valkyrja,Reconnaissance Unmanned Aerial Vehicles,captured,postimg,https://i.postimg.cc/QtTrTCZ0/2f.png,09-09-2023,False
ASU-1 Valkyrja,Reconnaissance Unmanned Aerial Vehicles,captured,postimg,https://i.postimg.cc/1zZ3Cgz4/327.png,13-09-2023,False
ASU-1 Valkyrja,Reconnaissance Unmanned Aerial Vehicles,captured,postimg,https://i.postimg.cc/8kFczgDS/4311.png,25-09-2023,False
Leleka-100,Reconnaissance Unmanned Aerial Vehicles,destroyed,postimg,https://i.postimg.cc/4dbNf3bs/42.jpg,12-04-2022,False
Leleka-100,Reconnaissance Unmanned Aerial Vehicles,destroyed,postimg,https://i.postimg.cc/ZKx3TB2d/33221.png,30-09-2022,False
Leleka-100,Reconnaissance Unmanned Aerial Vehicles,destroyed,postimg,https://i.postimg.cc/B6RVYNGC/29.png,30-08-2022,False
Leleka-100,Reconnaissance Unmanned Aerial Vehicles,destroyed,postimg,https://i.postimg.cc/WbPHkRJz/651.png,25-03-2028,False
Leleka-100,Reconnaissance Unmanned Aerial Vehicles,destroyed,postimg,https://i.postimg.cc/htDV64nK/665.png,NO_DATE_FOUND,False
Leleka-100,Reconnaissance Unmanned Aerial Vehicles,destroyed,postimg,https://i.postimg.cc/L4P0nbgH/2001-Leleka-100-destr.jpg,27-05-2023,False
Leleka-100,Reconnaissance Unmanned Aerial Vehicles,destroyed,postimg,https://i.postimg.cc/HLH7JvXS/433.png,21-09-2023,False
Leleka-100,Reconnaissance Unmanned Aerial Vehicles,captured,postimg,https://i.postimg.cc/Nj2txW1y/d4.png,01-10-2020,False
Leleka-100,Reconnaissance Unmanned Aerial Vehicles,captured,postimg,https://i.postimg.cc/J7NmcVwY/6653.jpg,09-03-2022,False
Leleka-100,Reconnaissance Unmanned Aerial Vehicles,captured,postimg,https://i.postimg.cc/zXvjPkVf/3333.png,25-09-2022,False
Leleka-100,Reconnaissance Unmanned Aerial Vehicles,captured,postimg,https://i.postimg.cc/90K79qWy/4436.png,10-09-2022,False
Leleka-100,Reconnaissance Unmanned Aerial Vehicles,damaged and captured,postimg,https://i.postimg.cc/SNqzgSD3/2000-Leleka-uav-dam-capt.jpg,23-11-2022,False
Leleka-100,Reconnaissance Unmanned Aerial Vehicles,captured,postimg,https://i.postimg.cc/fLHQR4t7/g7.png,01-04-2023,False
Leleka-100,Reconnaissance Unmanned Aerial Vehicles,captured,postimg,https://i.postimg.cc/Kzdtp6Db/446.png,NO_DATE_FOUND,False
Spaitech Sparrow,Reconnaissance Unmanned Aerial Vehicles,captured,postimg,https://i.postimg.cc/D090Ds6d/d138.jpg,06-05-2022,False
Spectator-M1,Reconnaissance Unmanned Aerial Vehicles,destroyed,postimg,https://i.postimg.cc/dQG4GwTW/2001-Spectator-M1.jpg,01-08-2022,False
Spectator-M1,Reconnaissance Unmanned Aerial Vehicles,destroyed,postimg,https://i.postimg.cc/qvn7k9zZ/5546.png,05-06-2022,False
Spectator-M1,Reconnaissance Unmanned Aerial Vehicles,captured,postimg,https://i.postimg.cc/TwfHPPLT/55.png,12-06-2022,False
Spectator-M1,Reconnaissance Unmanned Aerial Vehicles,captured,postimg,https://i.postimg.cc/mk5GB7Ff/5.png,18-06-2023,False
UJ-22,Reconnaissance Unmanned Aerial Vehicles,destroyed,postimg,https://i.postimg.cc/59D7MfKX/3351.png,24-03-2022,False
Shark-D,Reconnaissance Unmanned Aerial Vehicles,captured,postimg,https://i.postimg.cc/nVd8VWCg/35.png,05-11-2023,False
Mara-2M,Reconnaissance Unmanned Aerial Vehicles,destroyed,postimg,https://i.postimg.cc/dt14Bpkw/2028_Mara-2M_capt_03_02_23.jpg,03-02-2023,False
Mara-2M,Reconnaissance Unmanned Aerial Vehicles,captured,postimg,https://postimg.cc/06C6nXQv,10-06-2023,False
Chaklun,Reconnaissance Unmanned Aerial Vehicles,captured,postimg,https://i.postimg.cc/TYZCvCmf/438.png,07-08-2023,False
Orlik,Reconnaissance Unmanned Aerial Vehicles,captured,postimg,https://i.postimg.cc/wBLx24Rt/3.png,18-06-2023,False
FlyEye,Reconnaissance Unmanned Aerial Vehicles,destroyed,postimg,https://i.postimg.cc/R008sKJv/6599.png,07-06-2022,False
FlyEye,Reconnaissance Unmanned Aerial Vehicles,destroyed,postimg,https://i.postimg.cc/nrJ9rVL3/588.png,22-06-2022,False
FlyEye,Reconnaissance Unmanned Aerial Vehicles,destroyed,postimg,https://postimg.cc/v4hMSJW0,NO_DATE_FOUND,False
Penguin C,Reconnaissance Unmanned Aerial Vehicles,captured,postimg,https://i.postimg.cc/ZKCQ6BwT/355.png,NO_DATE_FOUND,False
Poseidon H10,Reconnaissance Unmanned Aerial Vehicles,destroyed,postimg,https://i.postimg.cc/CLnL0W1S/6658.png,06-04-2023,False
AeroVironment RQ-20 Puma,Reconnaissance Unmanned Aerial Vehicles,captured,postimg,https://i.postimg.cc/J4PQnTF6/2002-RQ-20-Puma-capt.jpg,14-12-2022,False
AeroVironment RQ-20 Puma,Reconnaissance Unmanned Aerial Vehicles,captured,postimg,https://i.postimg.cc/y8GDZ84s/554g0.png,,False
AeroVironment RQ-20 Puma,Reconnaissance Unmanned Aerial Vehicles,captured,postimg,https://i.postimg.cc/bYWBw9Bx/659.png,,False
AeroVironment RQ-20 Puma,Reconnaissance Unmanned Aerial Vehicles,captured,postimg,https://postimg.cc/0zVjWqSp,,False
AeroVironment RQ-20 Puma,Reconnaissance Unmanned Aerial Vehicles,captured,postimg,https://postimg.cc/mPkBr1cH,,False
AeroVironment RQ-20 Puma,Reconnaissance Unmanned Aerial Vehicles,captured,postimg,https://i.postimg.cc/RhpkjYQX/38.png,,False
Boeing Insitu ScanEagle 2,Reconnaissance Unmanned Aerial Vehicles,captured,postimg,https://postimg.cc/1g80jZkS,,False
Malloy Aeronautics T150 cargo UAV,Reconnaissance Unmanned Aerial Vehicles,captured,postimg,https://i.postimg.cc/ZnR7mS1s/5428.png,,False
Malloy Aeronautics T150 cargo UAV,Reconnaissance Unmanned Aerial Vehicles,captured,postimg,https://i.postimg.cc/rynQDw0S/38.png,,False
Unknown reconnaissance UAV,Reconnaissance Unmanned Aerial Vehicles,destroyed,postimg,https://i.postimg.cc/bw9YW99f/658.png,,False
Unknown reconnaissance UAV,Reconnaissance Unmanned Aerial Vehicles,destroyed,postimg,https://i.postimg.cc/V6BFMv9d/354.png,,False
Unknown reconnaissance UAV,Reconnaissance Unmanned Aerial Vehicles,captured,postimg,https://i.postimg.cc/Kzj3f087/5546.png,,False
Krivak III-class frigate,Naval Ships,"'Hetman Sahaydachniy', scuttled",postimg,https://i.postimg.cc/yxy8CH6r/469.png,,False
Gyurza-M-class gunboat,Naval Ships,"', sunk",postimg,https://i.postimg.cc/tCcm2Y7L/47.png,,False
Gyurza-M-class gunboat,Naval Ships,"', sunk",postimg,https://i.postimg.cc/tCcm2Y7L/47.png,,False
Gyurza-M-class gunboat,Naval Ships,"', captured",postimg,https://i.postimg.cc/hjqgGwmt/f55.jpg,,False
Gyurza-M-class gunboat,Naval Ships,"', captured",postimg,https://i.postimg.cc/hjqgGwmt/f55.jpg,,False
Gyurza-M-class gunboat,Naval Ships,"', captured",postimg,https://i.postimg.cc/Xv5443pP/f6.jpg,,False
Gyurza-M-class gunboat,Naval Ships,"', captured",postimg,https://i.postimg.cc/Xv5443pP/f6.jpg,,False
Gyurza-M-class gunboat,Naval Ships,"', captured",postimg,https://i.postimg.cc/wjr3y0Lx/28.png,,False
Gyurza-M-class gunboat,Naval Ships,"', captured",postimg,https://i.postimg.cc/wjr3y0Lx/28.png,,False
Stenka-class patrol boat (Operated by the Sea Guard),Naval Ships,'Donbass' sunk,postimg,https://i.postimg.cc/8zG990c2/36.png,,False
Stenka-class patrol boat (Operated by the Sea Guard),Naval Ships,'Donbass' sunk,postimg,https://i.postimg.cc/8zG990c2/36.png,,False
Zhuk-class patrol boat (Sea Guard),Naval Ships,"', destroyed",postimg,https://i.postimg.cc/q7JvJQmV/2001.jpg,,False
Zhuk-class patrol boat (Sea Guard),Naval Ships,"', destroyed",postimg,https://i.postimg.cc/q7JvJQmV/2001.jpg,,False
Zhuk-class patrol boat (Sea Guard),Naval Ships,"', captured",postimg,https://i.postimg.cc/L5nyF4sY/g77.jpg,,False
Zhuk-class patrol boat (Sea Guard),Naval Ships,"', captured",postimg,https://i.postimg.cc/L5nyF4sY/g77.jpg,,False
Zhuk-class patrol boat (Sea Guard),Naval Ships,captured,postimg,https://i.postimg.cc/654HHQSF/g78.jpg,,False
Zhuk-class patrol boat (Sea Guard),Naval Ships,captured,postimg,https://i.postimg.cc/654HHQSF/g78.jpg,,False
Sorum-class seagoing tugboat,Naval Ships,"'Korets', captured",postimg,https://i.postimg.cc/rw5PwbFs/64.jpg,,False
Sorum-class seagoing tugboat,Naval Ships,"'Korets', captured",postimg,https://i.postimg.cc/rw5PwbFs/64.jpg,,False
Sorum-class seagoing tugboat,Naval Ships,"'Korets', captured",postimg,https://i.postimg.cc/rw5PwbFs/64.jpg,,False
Pr.304 Amur-class command ship,Naval Ships,"'Donbas', destroyed",postimg,https://i.postimg.cc/HxS8Hm41/28.png,,False
Pr.304 Amur-class command ship,Naval Ships,"'Donbas', destroyed",postimg,https://i.postimg.cc/HxS8Hm41/28.png,,False
Project 58181 Centaur-class fast assault boat,Naval Ships,"Stanislav', sunk",postimg,https://i.postimg.cc/9FkkFm77/54.png,,False
Project 58181 Centaur-class fast assault boat,Naval Ships,"Stanislav', sunk",postimg,https://i.postimg.cc/9FkkFm77/54.png,,False
UMS-1000 patrol boat (Sea Guard),Naval Ships,"', damaged and captured",postimg,https://i.postimg.cc/sfhswL6V/2500-bg22-capt.jpg,,False
UMS-1000 patrol boat (Sea Guard),Naval Ships,"', damaged and captured",postimg,https://i.postimg.cc/sfhswL6V/2500-bg22-capt.jpg,,False
UMS-1000 patrol boat (Sea Guard),Naval Ships,"', captured",postimg,https://i.postimg.cc/kMQZ9Gw8/d9.jpg,,False
UMS-1000 patrol boat (Sea Guard),Naval Ships,"', captured",postimg,https://i.postimg.cc/kMQZ9Gw8/d9.jpg,,False
UMS-1000 patrol boat (Sea Guard),Naval Ships,"', captured",postimg,https://i.postimg.cc/HxQSpv0H/d2.jpg,,False
UMS-1000 patrol boat (Sea Guard),Naval Ships,"', captured",postimg,https://i.postimg.cc/HxQSpv0H/d2.jpg,,False
Project 50030 Kalkan-class patrol boat (Sea Guard),Naval Ships,"', captured",postimg,https://i.postimg.cc/15KK7NBC/v7.jpg,,False
Project 50030 Kalkan-class patrol boat (Sea Guard),Naval Ships,"', captured",postimg,https://i.postimg.cc/15KK7NBC/v7.jpg,,False
Project 50030 Kalkan-class patrol boat (Sea Guard),Naval Ships,"', captured",postimg,https://i.postimg.cc/9QK1yHJC/dg.jpg,,False
Project 50030 Kalkan-class patrol boat (Sea Guard),Naval Ships,"', captured",postimg,https://i.postimg.cc/9QK1yHJC/dg.jpg,,False
Project 50030 Kalkan-class patrol boat (Sea Guard),Naval Ships,"', captured",postimg,https://i.postimg.cc/J4hymDmd/c0.jpg,,False
Project 50030 Kalkan-class patrol boat (Sea Guard),Naval Ships,"', captured",postimg,https://i.postimg.cc/J4hymDmd/c0.jpg,,False
KrAZ-214,"Trucks, Vehicles, and Jeeps",destroyed,postimg,https://i.postimg.cc/qqmmt6Nz/1002.jpg,,False
KrAZ-255B,"Trucks, Vehicles, and Jeeps",destroyed,postimg,https://i.postimg.cc/fTM2FsNZ/327.png,,False
KrAZ-255B,"Trucks, Vehicles, and Jeeps",destroyed,postimg,https://i.postimg.cc/SxxWfdC2/769.png,,False
KrAZ-255B,"Trucks, Vehicles, and Jeeps",captured,postimg,https://i.postimg.cc/G2jDGvM1/Screenshot-9319.png,,False
KrAZ-255B,"Trucks, Vehicles, and Jeeps",captured,postimg,https://i.postimg.cc/g2gTpp0b/415.png,,False
KrAZ-255B,"Trucks, Vehicles, and Jeeps",captured,postimg,https://i.postimg.cc/5tf3zRcG/225.png,,False
KrAZ-260,"Trucks, Vehicles, and Jeeps",captured,postimg,https://i.postimg.cc/C5r6DZvN/776.png ,,False
KrAZ-260,"Trucks, Vehicles, and Jeeps",captured,postimg,https://i.postimg.cc/NjFSSs6g/43i.jpg,,False
KrAZ-260,"Trucks, Vehicles, and Jeeps",captured,postimg,https://postimg.cc/0zycVdBZ,,False
KrAZ-5233,"Trucks, Vehicles, and Jeeps",destroyed,postimg,https://i.postimg.cc/jSJW85jm/64.jpg,,False
KrAZ-5233,"Trucks, Vehicles, and Jeeps",destroyed,postimg,https://i.postimg.cc/3JQbBs2Q/287.png,,False
KrAZ-5233,"Trucks, Vehicles, and Jeeps",destroyed,postimg,https://i.postimg.cc/3JQbBs2Q/287.png,,False
KrAZ-5233,"Trucks, Vehicles, and Jeeps",destroyed,postimg,https://i.postimg.cc/3JQbBs2Q/287.png,,False
KrAZ-5233,"Trucks, Vehicles, and Jeeps",destroyed,postimg,https://i.postimg.cc/hPHsycCC/2701.jpg,,False
KrAZ-5233,"Trucks, Vehicles, and Jeeps",destroyed,postimg,https://i.postimg.cc/k52sy9Vh/4f221.png,,False
KrAZ-5233,"Trucks, Vehicles, and Jeeps",destroyed,postimg,https://i.postimg.cc/BQGGrBnJ/427.png,,False
KrAZ-5233,"Trucks, Vehicles, and Jeeps",damaged,postimg,https://i.postimg.cc/76VQgYxg/5g9.png,,False
KrAZ-5233,"Trucks, Vehicles, and Jeeps",captured,postimg,https://i.postimg.cc/fR5HJv28/dd11.png,,False
KrAZ-5233,"Trucks, Vehicles, and Jeeps",captured,postimg,https://i.postimg.cc/fR5HJv28/dd11.png,,False
KrAZ-5233,"Trucks, Vehicles, and Jeeps",captured,postimg,https://i.postimg.cc/fR5HJv28/dd11.png,,False
KrAZ-5233,"Trucks, Vehicles, and Jeeps",captured,postimg,https://i.postimg.cc/sfJzxw3j/776.png,,False
KrAZ-5233,"Trucks, Vehicles, and Jeeps",captured,postimg,https://i.postimg.cc/vmpRN9VB/480.png,,False
KrAZ-5233,"Trucks, Vehicles, and Jeeps",captured,postimg,https://i.postimg.cc/jq49zBZC/480.png,,False
KrAZ-5233,"Trucks, Vehicles, and Jeeps",captured,postimg,https://i.postimg.cc/265Nhxbz/393.png,,False
KrAZ-5233,"Trucks, Vehicles, and Jeeps",captured,postimg,https://i.postimg.cc/265Nhxbz/393.png,,False
KrAZ-5233,"Trucks, Vehicles, and Jeeps",captured,postimg,https://i.postimg.cc/kgbQvfh1/d16.png,,False
KrAZ-5233,"Trucks, Vehicles, and Jeeps",captured,postimg,https://postimg.cc/kB31MsSj,,False
KrAZ-5233,"Trucks, Vehicles, and Jeeps",captured,postimg,https://i.postimg.cc/50CwqJ19/5444.png,,False
KrAZ-5233,"Trucks, Vehicles, and Jeeps",damaged and captured,postimg,https://i.postimg.cc/MT0QM4sL/33311.png,,False
KrAZ-5233,"Trucks, Vehicles, and Jeeps",captured,postimg,https://i.postimg.cc/fWxRgjt0/555g.png,,False
KrAZ-6322,"Trucks, Vehicles, and Jeeps",destroyed,postimg,https://i.postimg.cc/0QMkBhwk/Screenshot-8021.png,,False
KrAZ-6322,"Trucks, Vehicles, and Jeeps",destroyed,postimg,https://i.postimg.cc/vBdfY7td/Screenshot-8019.png,,False
KrAZ-6322,"Trucks, Vehicles, and Jeeps",destroyed,postimg,https://i.postimg.cc/BZjGgMFV/1004-t72b3.jpg,,False
KrAZ-6322,"Trucks, Vehicles, and Jeeps",destroyed,postimg,https://i.postimg.cc/sfWCv4wL/s3.png,,False
KrAZ-6322,"Trucks, Vehicles, and Jeeps",destroyed,postimg,https://i.postimg.cc/L5k9q4Vc/2217.png,,False
KrAZ-6322,"Trucks, Vehicles, and Jeeps",destroyed,postimg,https://i.postimg.cc/TwmPMLRt/2002-Kraz-pontoon-bridge-truck.jpg,,False
KrAZ-6322,"Trucks, Vehicles, and Jeeps",destroyed,postimg,https://i.postimg.cc/sXvZJTzw/54k.png,,False
KrAZ-6322,"Trucks, Vehicles, and Jeeps",destroyed,postimg,https://i.postimg.cc/q7HGTHXG/3320.png,,False
KrAZ-6322,"Trucks, Vehicles, and Jeeps",destroyed,postimg,https://i.postimg.cc/Nj3djHYm/4460.png,,False
KrAZ-6322,"Trucks, Vehicles, and Jeeps",destroyed,postimg,https://i.postimg.cc/tJRzFpvz/43f4.png,,False
KrAZ-6322,"Trucks, Vehicles, and Jeeps",destroyed,postimg,https://i.postimg.cc/CKyVWVjq/75.png,,False
KrAZ-6322,"Trucks, Vehicles, and Jeeps",destroyed,postimg,https://i.postimg.cc/ZqjwVxBf/329.png,,False
KrAZ-6322,"Trucks, Vehicles, and Jeeps",destroyed,postimg,https://i.postimg.cc/ZqjwVxBf/329.png,,False
KrAZ-6322,"Trucks, Vehicles, and Jeeps",destroyed,postimg,https://i.postimg.cc/cCpzggzn/335.png,,False
KrAZ-6322,"Trucks, Vehicles, and Jeeps",destroyed,postimg,https://i.postimg.cc/nzRJ8yr5/2480.png,,False
KrAZ-6322,"Trucks, Vehicles, and Jeeps",destroyed,postimg,https://i.postimg.cc/T11TpRBf/257.png,,False
KrAZ-6322,"Trucks, Vehicles, and Jeeps",destroyed,postimg,https://i.postimg.cc/pd58FRHj/uukt2.jpg,,False
KrAZ-6322,"Trucks, Vehicles, and Jeeps",captured,postimg,https://postimg.cc/v4CPT4hN,,False
KrAZ-6322,"Trucks, Vehicles, and Jeeps",captured,postimg,https://i.postimg.cc/8c7GjB1r/31.png,,False
KrAZ-6322,"Trucks, Vehicles, and Jeeps",captured,postimg,https://postimg.cc/jC9nGySm,,False
KrAZ-6322,"Trucks, Vehicles, and Jeeps",captured,postimg,https://i.postimg.cc/m2sVjnKd/44311.png,,False
KrAZ-6322,"Trucks, Vehicles, and Jeeps",captured,postimg,https://i.postimg.cc/m2sVjnKd/44311.png,,False
KrAZ-6322,"Trucks, Vehicles, and Jeeps",captured,postimg,https://i.postimg.cc/hvdD2hLs/479.png,,False
KrAZ-6322,"Trucks, Vehicles, and Jeeps",captured,postimg,https://i.postimg.cc/5NWBD7d7/1007.png,,False
KrAZ-6322,"Trucks, Vehicles, and Jeeps",captured,postimg,https://i.postimg.cc/fTv9pMvy/1008.png,,False
KrAZ-6322,"Trucks, Vehicles, and Jeeps",captured,postimg,https://postimg.cc/0zzW9YYS,,False
KrAZ-6322,"Trucks, Vehicles, and Jeeps",captured,postimg,https://postimg.cc/G9jSKh34,,False
KrAZ-6322 'Krepost’,"Trucks, Vehicles, and Jeeps",destroyed,postimg,https://i.postimg.cc/285nK3Pj/2000-Bogdan-63172-Kozak-destr.jpg,,False
KrAZ-6322 'Krepost’,"Trucks, Vehicles, and Jeeps",captured,postimg,https://postimg.cc/ZW6sBKXz,,False
KrAZ-6322 'Krepost’,"Trucks, Vehicles, and Jeeps",captured,postimg,https://postimg.cc/9zx6C0Hx,,False
KrAZ-6322 'Krepost’,"Trucks, Vehicles, and Jeeps",captured,postimg,https://i.postimg.cc/pVFKmp2r/2007-UA-Kr-AZ-6322-capt.jpg,,False
ATs-10-260 Fuel Tanker,"Trucks, Vehicles, and Jeeps",destroyed,postimg,https://i.postimg.cc/yNJmp5dK/truck2.jpg,,False
Bogdan-2251 ambulance,"Trucks, Vehicles, and Jeeps",destroyed,postimg,https://i.postimg.cc/CKw9gRPm/76400.png,,False
Bogdan-2251 ambulance,"Trucks, Vehicles, and Jeeps",destroyed,postimg,https://i.postimg.cc/FFCLV8WL/4476.png,,False
Bogdan-2251 ambulance,"Trucks, Vehicles, and Jeeps",destroyed,postimg,https://i.postimg.cc/26chSTjn/870.png,,False
Bogdan-2251 ambulance,"Trucks, Vehicles, and Jeeps",captured,postimg,https://i.postimg.cc/8zhmj3DM/54t.png,,False
Bogdan-2251 ambulance,"Trucks, Vehicles, and Jeeps",captured,postimg,https://i.postimg.cc/c4dR9LXB/2006-Bogdan-2251-Ambulance-capt-xx-07-22.jpg,,False
Bogdan-2251 ambulance,"Trucks, Vehicles, and Jeeps",captured,postimg,https://i.postimg.cc/QxvdHbF1/334f.png,,False
Bogdan-5316,"Trucks, Vehicles, and Jeeps",destroyed,postimg,https://i.postimg.cc/6pr9sdqZ/Screenshot-8019.png,,False
Bogdan-5316,"Trucks, Vehicles, and Jeeps",destroyed,postimg,https://i.postimg.cc/52g8DrqH/n1.png,,False
Bogdan-5316,"Trucks, Vehicles, and Jeeps",destroyed,postimg,https://i.postimg.cc/L6dvbgC5/v48.png,,False
Bogdan-5316,"Trucks, Vehicles, and Jeeps",destroyed,postimg,https://i.postimg.cc/mrXBssWx/416.png,,False
Bogdan-5316,"Trucks, Vehicles, and Jeeps",destroyed,postimg,https://postimg.cc/TyhVz2dc,,False
Bogdan-5316,"Trucks, Vehicles, and Jeeps",destroyed,postimg,https://postimg.cc/TyhVz2dc,,False
Bogdan-5316,"Trucks, Vehicles, and Jeeps",destroyed,postimg,https://i.postimg.cc/cC2ZgbyT/16.png,,False
Bogdan-5316,"Trucks, Vehicles, and Jeeps",damaged,postimg,https://i.postimg.cc/L6ZKgBD7/4ff.png,,False
Bogdan-5316,"Trucks, Vehicles, and Jeeps",captured,postimg,https://i.postimg.cc/ZRPRy9pM/2025-Bogdan-5316-17-07-22.jpg,,False
Bogdan-63172,"Trucks, Vehicles, and Jeeps",destroyed,postimg,https://i.postimg.cc/nL8S357x/6h.png,,False
Bogdan-63172,"Trucks, Vehicles, and Jeeps",destroyed,postimg,https://i.postimg.cc/26dvvmgq/t12.png,,False
Bogdan-63172,"Trucks, Vehicles, and Jeeps",destroyed,postimg,https://i.postimg.cc/g25vbgv0/t11.png,,False
Bogdan-63172,"Trucks, Vehicles, and Jeeps",destroyed,postimg,https://i.postimg.cc/DfttyLxg/4r.png,,False
Bogdan-63172,"Trucks, Vehicles, and Jeeps",destroyed,postimg,https://i.postimg.cc/CM77xFvk/5542.png,,False
Bogdan-63172,"Trucks, Vehicles, and Jeeps",destroyed,postimg,https://i.postimg.cc/qqmmt6Nz/1002.jpg,,False
Bogdan-63172,"Trucks, Vehicles, and Jeeps",destroyed,postimg,https://i.postimg.cc/sDfHVsCc/3.png,,False
Bogdan-63172,"Trucks, Vehicles, and Jeeps",destroyed,postlmg,https://postlmg.cc/KK4YbxCx,,False
Bogdan-63172,"Trucks, Vehicles, and Jeeps",destroyed,postimg,https://i.postimg.cc/hPHsycCC/2701.jpg,,False
Bogdan-63172,"Trucks, Vehicles, and Jeeps",destroyed,postimg,https://i.postimg.cc/vZnP5dV0/h.png,,False
Bogdan-63172,"Trucks, Vehicles, and Jeeps",destroyed,postimg,https://i.postimg.cc/vZnP5dV0/h.png,,False
Bogdan-63172,"Trucks, Vehicles, and Jeeps",damaged,postimg,https://i.postimg.cc/9fRbHBdp/f3.png,,False
Bogdan-63172,"Trucks, Vehicles, and Jeeps",abandoned,postimg,https://i.postimg.cc/ZRVpWfKB/Screenshot-8260.png,,False
Bogdan-63172,"Trucks, Vehicles, and Jeeps",abandoned,postimg,https://i.postimg.cc/hP4hp8v6/d46.png,,False
Bogdan-63172,"Trucks, Vehicles, and Jeeps",captured,postimg,https://i.postimg.cc/7LSW8dKp/35.png,,False
Bogdan-63172,"Trucks, Vehicles, and Jeeps",captured,postimg,https://i.postimg.cc/mg80yFh0/442.png,,False
Bogdan-63172 'Kozak',"Trucks, Vehicles, and Jeeps",destroyed,postimg,https://i.postimg.cc/g20xqXnG/1003.png,,False
Bogdan-63172 'Kozak',"Trucks, Vehicles, and Jeeps",captured,postimg,https://i.postimg.cc/x8sypSG9/5g2.png,,False
GAZ-63,"Trucks, Vehicles, and Jeeps",destroyed,postimg,https://i.postimg.cc/vZ7sdvHn/f4.png,,False
GAZ-66,"Trucks, Vehicles, and Jeeps","Vasilek mortar, destroyed",postimg,https://postimg.cc/PP20VdH5,,False
GAZ-66,"Trucks, Vehicles, and Jeeps","Vasilek mortar, destroyed",postimg,https://postimg.cc/PP20VdH5,,False
GAZ-66,"Trucks, Vehicles, and Jeeps","Vasilek mortar, destroyed",postimg,https://postimg.cc/PP20VdH5,,False
GAZ-66,"Trucks, Vehicles, and Jeeps","Vasilek mortar, destroyed",postimg,https://postimg.cc/PP20VdH5,,False
GAZ-66,"Trucks, Vehicles, and Jeeps",destroyed,postimg,https://i.postimg.cc/hjdXLc6L/4f.png,,False
GAZ-66,"Trucks, Vehicles, and Jeeps",destroyed,postimg,https://i.postimg.cc/8PzD9FYh/f23.png,,False
GAZ-66,"Trucks, Vehicles, and Jeeps",destroyed,postimg,https://i.postimg.cc/4xrgYWx5/f235.png,,False
GAZ-66,"Trucks, Vehicles, and Jeeps",destroyed,postimg,https://i.postimg.cc/SQ1Xb993/r3.png,,False
GAZ-66,"Trucks, Vehicles, and Jeeps",destroyed,postimg,https://i.postimg.cc/PqdfwfZ1/r3.png,,False
GAZ-66,"Trucks, Vehicles, and Jeeps",destroyed,postimg,https://i.postimg.cc/43VV4DVy/Screenshot-9318.png,,False
GAZ-66,"Trucks, Vehicles, and Jeeps",destroyed,postimg,https://i.postimg.cc/0QHyTC2v/sa.png,,False
GAZ-66,"Trucks, Vehicles, and Jeeps",destroyed,postimg,https://i.postimg.cc/Lsnxj6d4/g8.png,,False
GAZ-66,"Trucks, Vehicles, and Jeeps",destroyed,postimg,https://i.postimg.cc/0QFPwLNj/33180.png,,False
GAZ-66,"Trucks, Vehicles, and Jeeps",destroyed,postimg,https://i.postimg.cc/0QFPwLNj/33180.png,,False
GAZ-66,"Trucks, Vehicles, and Jeeps",destroyed,postimg,https://i.postimg.cc/qqgqjtjy/16.png,,False
GAZ-66,"Trucks, Vehicles, and Jeeps",destroyed,postimg,https://i.postimg.cc/s20y2R1W/542.png,,False
GAZ-66,"Trucks, Vehicles, and Jeeps",,postimg,https://i.postimg.cc/s20y2R1W/542.png,,False
GAZ-66,"Trucks, Vehicles, and Jeeps",destroyed,postimg,https://i.postimg.cc/28rLyFdN/798.jpg,,False
GAZ-66,"Trucks, Vehicles, and Jeeps",destroyed,postimg,https://i.postimg.cc/MHYc7Wm7/588.png,,False
GAZ-66,"Trucks, Vehicles, and Jeeps",destroyed,postlmg,https://postlmg.cc/3d1mgF34,,False
GAZ-66,"Trucks, Vehicles, and Jeeps",destroyed,postimg,https://i.postimg.cc/SN5W7BYL/d46.png,,False
GAZ-66,"Trucks, Vehicles, and Jeeps",destroyed,postimg,https://i.postimg.cc/SN5W7BYL/d46.png,,False
GAZ-66,"Trucks, Vehicles, and Jeeps",destroyed,postimg,https://i.postimg.cc/tTFdQZ3L/1004.png,,False
GAZ-66,"Trucks, Vehicles, and Jeeps",destroyed,postimg,https://i.postimg.cc/jScSwHTb/Screenshot-8020.png,,False
GAZ-66,"Trucks, Vehicles, and Jeeps",destroyed,postlmg,https://postlmg.cc/NykN8HC4,,False
GAZ-66,"Trucks, Vehicles, and Jeeps",destroyed,postimg,https://i.postimg.cc/MGNbFHBs/Gaz-66-destroyed.png,,False
GAZ-66,"Trucks, Vehicles, and Jeeps",destroyed,postimg,https://i.postimg.cc/J459PP5s/65.png,,False
GAZ-66,"Trucks, Vehicles, and Jeeps",destroyed,postimg,https://i.postimg.cc/N0nx31kj/UA-GAZ-66-Zil-130-Ural-4320-destroyed.png,,False
GAZ-66,"Trucks, Vehicles, and Jeeps",destroyed,postimg,https://i.postimg.cc/76SBXK09/5770.png,,False
GAZ-66,"Trucks, Vehicles, and Jeeps",destroyed,postimg,https://i.postimg.cc/htKMLg22/279.png,,False
GAZ-66,"Trucks, Vehicles, and Jeeps",destroyed,postimg,https://i.postimg.cc/65bVLMRH/tr1.png,,False
GAZ-66,"Trucks, Vehicles, and Jeeps",destroyed,postimg,https://i.postimg.cc/xdtH83Cv/g7.png,,False
GAZ-66,"Trucks, Vehicles, and Jeeps",destroyed,postimg,https://i.postimg.cc/J46gfsKt/16.png,,False
GAZ-66,"Trucks, Vehicles, and Jeeps",destroyed,postimg,https://i.postimg.cc/vm7g13cr/44f3.png,,False
GAZ-66,"Trucks, Vehicles, and Jeeps",destroyed,postimg,https://i.postimg.cc/T1gG3YdC/3315.png,,False
GAZ-66,"Trucks, Vehicles, and Jeeps",destroyed,postimg,https://i.postimg.cc/SKj1B46K/6530.png,,False
GAZ-66,"Trucks, Vehicles, and Jeeps",destroyed,postimg,https://i.postimg.cc/1tt7ZQDt/438.png,,False
GAZ-66,"Trucks, Vehicles, and Jeeps",destroyed,postimg,https://i.postimg.cc/4dRGk0dW/515.png,,False
GAZ-66,"Trucks, Vehicles, and Jeeps",abandoned,postimg,https://i.postimg.cc/qvyKsBvd/Screenshot-8260.png,,False
GAZ-66,"Trucks, Vehicles, and Jeeps",damaged and captured,postimg,https://i.postimg.cc/prPjVJt8/688.jpg,,False
GAZ-66,"Trucks, Vehicles, and Jeeps",damaged and captured,postimg,https://i.postimg.cc/65xFtXnZ/2004.jpg,,False
GAZ-66,"Trucks, Vehicles, and Jeeps",captured,postimg,https://i.postimg.cc/VLr5Xr51/542f.png,,False
GAZ-66,"Trucks, Vehicles, and Jeeps",captured,postimg,https://i.postimg.cc/VLr5Xr51/542f.png,,False
GAZ-66,"Trucks, Vehicles, and Jeeps",captured,postimg,https://i.postimg.cc/Z507F6Jx/659.png,,False
GAZ-66,"Trucks, Vehicles, and Jeeps",captured,postimg,https://i.postimg.cc/gkG63gXS/g2.png,,False
GAZ-66,"Trucks, Vehicles, and Jeeps",captured,postimg,https://i.postimg.cc/Y0MjfS9G/43.png,,False
GAZ-66,"Trucks, Vehicles, and Jeeps",captured,postimg,https://i.postimg.cc/h40ThkyZ/4370.png,,False
GAZ-66,"Trucks, Vehicles, and Jeeps",captured,postimg,https://i.postimg.cc/xdmGTg40/386.png,,False
GAZ-66,"Trucks, Vehicles, and Jeeps",captured,postimg,https://i.postimg.cc/jSPZqkrv/776.png,,False
GAZ-66,"Trucks, Vehicles, and Jeeps",captured,postimg,https://i.postimg.cc/jSPZqkrv/776.png,,False
GAZ-66,"Trucks, Vehicles, and Jeeps",captured,postimg,https://i.postimg.cc/9MGPZgQM/Screenshot-8017.png,,False
GAZ-66,"Trucks, Vehicles, and Jeeps",captured,postimg,https://i.postimg.cc/pddP8SJY/Screenshot-8138.png,,False
GAZ-66,"Trucks, Vehicles, and Jeeps",captured,postimg,https://i.postimg.cc/s21R1h3T/Screenshot-8160.png,,False
GAZ-66,"Trucks, Vehicles, and Jeeps",captured,postimg,https://i.postimg.cc/6QKvXBw6/Screenshot-8148.png,,False
GAZ-66,"Trucks, Vehicles, and Jeeps",captured,postimg,https://i.postimg.cc/6QCMtvY4/3d.jpg,,False
GAZ-66,"Trucks, Vehicles, and Jeeps",captured,postimg,https://i.postimg.cc/Cxj4pQ45/87.png,,False
GAZ-66,"Trucks, Vehicles, and Jeeps",captured,postimg,https://i.postimg.cc/NGCNSPrF/4433.png,,False
GAZ-66,"Trucks, Vehicles, and Jeeps",captured,postimg,https://i.postimg.cc/NGCNSPrF/4433.png,,False
GAZ-66,"Trucks, Vehicles, and Jeeps",captured,postimg,https://postimg.cc/JsnnQ5TW,,False
GAZ-66,"Trucks, Vehicles, and Jeeps",captured,postimg,https://i.postimg.cc/yNymWq1g/2114.jpg,,False
GAZ-66,"Trucks, Vehicles, and Jeeps",captured,postimg,https://i.postimg.cc/qR4Nyztq/113.png,,False
GAZ-66,"Trucks, Vehicles, and Jeeps",captured,postimg,https://i.postimg.cc/P5ksMxmY/33r56.png,,False
GAZ-66 tanker,"Trucks, Vehicles, and Jeeps",destroyed,postimg,https://i.postimg.cc/MG9wC3jh/4ff.png,,False
GAZ-3308 tanker,"Trucks, Vehicles, and Jeeps",destroyed,postimg,https://i.postimg.cc/3wP6j42F/363.png,,False
ZiL-130,"Trucks, Vehicles, and Jeeps",destroyed,postimg,https://i.postimg.cc/SxLW3hgy/59.png,,False
ZiL-130,"Trucks, Vehicles, and Jeeps",destroyed,postimg,https://i.postimg.cc/N0nx31kj/UA-GAZ-66-Zil-130-Ural-4320-destroyed.png,,False
ZiL-130,"Trucks, Vehicles, and Jeeps","AA gun, destroyed",postimg,https://i.postimg.cc/c1FLhkGQ/65.png,,False
ZiL-130,"Trucks, Vehicles, and Jeeps","AA gun, destroyed",postimg,https://i.postimg.cc/c1FLhkGQ/65.png,,False
ZiL-130,"Trucks, Vehicles, and Jeeps",destroyed,postimg,https://i.postimg.cc/sfqwNcRq/2006-Zi-L-130-06-07-22.jpg,,False
ZiL-130 tanker,"Trucks, Vehicles, and Jeeps",destroyed,postimg,https://i.postimg.cc/Ss70j0Vj/Tanker-destroyed.png,,False
ZiL-131,"Trucks, Vehicles, and Jeeps",destroyed,postimg,https://i.postimg.cc/t4mkVgHr/36.png,,False
ZiL-131,"Trucks, Vehicles, and Jeeps",destroyed,postimg,https://i.postimg.cc/yxvN7tc3/69.png,,False
ZiL-131,"Trucks, Vehicles, and Jeeps",destroyed,postimg,https://i.postimg.cc/TPjprZk7/g7889.png,,False
ZiL-131,"Trucks, Vehicles, and Jeeps",destroyed,postimg,https://i.postimg.cc/3wXqjPj0/Screenshot-8077.png,,False
ZiL-131,"Trucks, Vehicles, and Jeeps",destroyed,postimg,https://i.postimg.cc/K8Zh5MxD/ty.png,,False
ZiL-131,"Trucks, Vehicles, and Jeeps",destroyed,postimg,https://i.postimg.cc/qqgqjtjy/16.png,,False
ZiL-131,"Trucks, Vehicles, and Jeeps",destroyed,postimg,https://i.postimg.cc/zfNvWFGV/1010.png,,False
ZiL-131,"Trucks, Vehicles, and Jeeps",destroyed,postimg,https://i.postimg.cc/kMyYwYw2/f25.png,,False
ZiL-131,"Trucks, Vehicles, and Jeeps",destroyed,postimg,https://i.postimg.cc/kMyYwYw2/f25.png,,False
ZiL-131,"Trucks, Vehicles, and Jeeps",destroyed,postimg,https://i.postimg.cc/vmzFrynH/688.png,,False
ZiL-131,"Trucks, Vehicles, and Jeeps",destroyed,postimg,https://i.postimg.cc/g0hRyMFD/4378.png,,False
ZiL-131,"Trucks, Vehicles, and Jeeps",destroyed,postimg,https://i.postimg.cc/g0hRyMFD/4378.png,,False
ZiL-131,"Trucks, Vehicles, and Jeeps","AA gun, destroyed",postimg,https://i.postimg.cc/YC4h80sW/699.png,,False
ZiL-131,"Trucks, Vehicles, and Jeeps","AA gun, destroyed",postimg,https://i.postimg.cc/YC4h80sW/699.png,,False
ZiL-131,"Trucks, Vehicles, and Jeeps",destroyed,postimg,https://i.postimg.cc/Sxs8sWC3/39.png,,False
ZiL-131,"Trucks, Vehicles, and Jeeps",destroyed,postimg,https://i.postimg.cc/fRjwqY7k/438.png,,False
ZiL-131,"Trucks, Vehicles, and Jeeps",destroyed,postimg,https://i.postimg.cc/8PbzrMFn/6588.jpg,,False
ZiL-131,"Trucks, Vehicles, and Jeeps",destroyed,postimg,https://i.postimg.cc/L8LbrN1L/584.png,,False
ZiL-131,"Trucks, Vehicles, and Jeeps",destroyed,postimg,https://i.postimg.cc/TY8njjkJ/2116.jpg,,False
ZiL-131,"Trucks, Vehicles, and Jeeps",destroyed,postimg,https://i.postimg.cc/4ygjV7j4/2115.jpg,,False
ZiL-131,"Trucks, Vehicles, and Jeeps",destroyed,postimg,https://i.postimg.cc/4ygjV7j4/2115.jpg,,False
ZiL-131,"Trucks, Vehicles, and Jeeps",destroyed,postimg,https://i.postimg.cc/4ygjV7j4/2115.jpg,,False
ZiL-131,"Trucks, Vehicles, and Jeeps",destroyed,postimg,https://i.postimg.cc/4ygjV7j4/2115.jpg,,False
ZiL-131,"Trucks, Vehicles, and Jeeps",destroyed,postimg,https://i.postimg.cc/4ygjV7j4/2115.jpg,,False
ZiL-131,"Trucks, Vehicles, and Jeeps",destroyed,postimg,https://postimg.cc/njV33h6t,,False
ZiL-131,"Trucks, Vehicles, and Jeeps",destroyed,postimg,https://i.postimg.cc/CKNMhdv2/f4.png,,False
ZiL-131,"Trucks, Vehicles, and Jeeps",destroyed,postimg,https://i.postimg.cc/xjvjNhqv/Zil-131-and-kung-destroyed.png,,False
ZiL-131,"Trucks, Vehicles, and Jeeps",destroyed,postimg,https://postimg.cc/RWqQbqqK,,False
ZiL-131,"Trucks, Vehicles, and Jeeps",destroyed,postimg,https://i.postimg.cc/Cx5mHb2y/287.png,,False
ZiL-131,"Trucks, Vehicles, and Jeeps",destroyed,postlmg,https://postlmg.cc/CRBsBVwd,,False
ZiL-131,"Trucks, Vehicles, and Jeeps","AA gun, destroyed",postimg,https://i.postimg.cc/Y024KnHf/2006-Zil131-with-Zu23-2-destr.jpg,,False
ZiL-131,"Trucks, Vehicles, and Jeeps","AA gun, destroyed",postimg,https://i.postimg.cc/Y024KnHf/2006-Zil131-with-Zu23-2-destr.jpg,,False
ZiL-131,"Trucks, Vehicles, and Jeeps",destroyed,postimg,https://i.postimg.cc/XJ8y1ZPP/1011-zil131-destr.jpg,,False
ZiL-131,"Trucks, Vehicles, and Jeeps","AA gun, destroyed",postimg,https://postimg.cc/2VyHQjMk,,False
ZiL-131,"Trucks, Vehicles, and Jeeps","AA gun, destroyed",postimg,https://postimg.cc/2VyHQjMk,,False
ZiL-131,"Trucks, Vehicles, and Jeeps",destroyed,postimg,https://postimg.cc/m12m6TrS,,False
ZiL-131,"Trucks, Vehicles, and Jeeps",destroyed,postimg,https://i.postimg.cc/ncqjQ8S5/335.png,,False
ZiL-131,"Trucks, Vehicles, and Jeeps",destroyed,postimg,https://i.postimg.cc/13mCkHjp/a12.png,,False
ZiL-131,"Trucks, Vehicles, and Jeeps",destroyed,postimg,https://i.postimg.cc/xdsTSFwf/23.png,,False
ZiL-131,"Trucks, Vehicles, and Jeeps",destroyed,postimg,https://i.postimg.cc/3RngBxMf/665.png,,False
ZiL-131,"Trucks, Vehicles, and Jeeps",destroyed,postimg,https://i.postimg.cc/1Rb8kBVB/4315.png,,False
ZiL-131,"Trucks, Vehicles, and Jeeps",destroyed,postimg,https://i.postimg.cc/pX9MZmmp/2010-Zi-L-131-28-02-22.jpg,,False
ZiL-131,"Trucks, Vehicles, and Jeeps",destroyed,postimg,https://i.postimg.cc/Y2zZpZ5Q/2011-Zi-L-131-16-11-24.jpg,,False
ZiL-131,"Trucks, Vehicles, and Jeeps",abandoned,postimg,https://i.postimg.cc/0j3LGCqH/Screenshot-8103.png,,False
ZiL-131,"Trucks, Vehicles, and Jeeps",captured,postimg,https://i.postimg.cc/P5Y9S2VJ/d23.png,,False
ZiL-131,"Trucks, Vehicles, and Jeeps",captured,postimg,https://i.postimg.cc/FsT4y5HJ/287.png,,False
ZiL-131,"Trucks, Vehicles, and Jeeps",captured,postlmg,https://postlmg.cc/4nZKD5qC,,False
ZiL-131,"Trucks, Vehicles, and Jeeps",captured,postimg,https://i.postimg.cc/Znf3n1fc/542f.png,,False
ZiL-131,"Trucks, Vehicles, and Jeeps",captured,postimg,https://i.postimg.cc/x1HHQSgC/1301.png,,False
ZiL-131,"Trucks, Vehicles, and Jeeps",captured,postimg,https://i.postimg.cc/x1HHQSgC/1301.png,,False
ZiL-131,"Trucks, Vehicles, and Jeeps",captured,postimg,https://i.postimg.cc/kXMB2DzL/43.png,,False
ZiL-131,"Trucks, Vehicles, and Jeeps",captured,postimg,https://i.postimg.cc/5tCYqTxz/5gh.png,,False
ZiL-131,"Trucks, Vehicles, and Jeeps",captured,postimg,https://i.postimg.cc/gJR5my9Q/769.png,,False
ZiL-131,"Trucks, Vehicles, and Jeeps",captured,postimg,https://i.postimg.cc/MpBn265v/Screenshot-8120.png,,False
ZiL-131,"Trucks, Vehicles, and Jeeps",captured,postimg,https://i.postimg.cc/52B628K8/776.png,,False
ZiL-131,"Trucks, Vehicles, and Jeeps",captured,postimg,https://i.postimg.cc/52B628K8/776.png,,False
ZiL-131,"Trucks, Vehicles, and Jeeps",captured,postimg,https://i.postimg.cc/52B628K8/776.png,,False
ZiL-131,"Trucks, Vehicles, and Jeeps","AA gun, captured",postimg,https://i.postimg.cc/gjZJhhsy/14.png,,False
ZiL-131,"Trucks, Vehicles, and Jeeps","AA gun, captured",postimg,https://i.postimg.cc/gjZJhhsy/14.png,,False
ZiL-131,"Trucks, Vehicles, and Jeeps",captured,postimg,https://i.postimg.cc/Fsxkm2Wh/71.png,,False
ZiL-131,"Trucks, Vehicles, and Jeeps",captured,postimg,https://i.postimg.cc/W3WjXwXL/Screenshot-8114.png,,False
ZiL-131,"Trucks, Vehicles, and Jeeps",captured,postimg,https://i.postimg.cc/WpqbXQL5/Screenshot-8113.png,,False
ZiL-131,"Trucks, Vehicles, and Jeeps",captured,postimg,https://i.postimg.cc/YCr7KPZK/Screenshot-8156.png,,False
ZiL-131,"Trucks, Vehicles, and Jeeps",captured,postimg,https://i.postimg.cc/SxghyrbX/Screenshot-8159.png,,False
ZiL-131,"Trucks, Vehicles, and Jeeps",captured,postimg,https://i.postimg.cc/jdK0P9sw/Screenshot-8123.png,,False
ZiL-131,"Trucks, Vehicles, and Jeeps",captured,postimg,https://i.postimg.cc/Dwx8tLC6/Screenshot-8135.png,,False
ZiL-131,"Trucks, Vehicles, and Jeeps",captured,postimg,https://i.postimg.cc/tTXvY0dp/Screenshot-8143.png,,False
ZiL-131,"Trucks, Vehicles, and Jeeps",captured,postimg,https://i.postimg.cc/CMqVxGPy/tt3.png,,False
ZiL-131,"Trucks, Vehicles, and Jeeps","AA gun, captured",postimg,https://i.postimg.cc/66Rmy0HF/37.png,,False
ZiL-131,"Trucks, Vehicles, and Jeeps","AA gun, captured",postimg,https://i.postimg.cc/66Rmy0HF/37.png,,False
ZiL-131,"Trucks, Vehicles, and Jeeps",captured,postimg,https://i.postimg.cc/BbS3BJ4w/668.jpg,,False
ZiL-131,"Trucks, Vehicles, and Jeeps",captured,postimg,https://i.postimg.cc/KzPKpVCk/Screenshot-8115.png,,False
ZiL-131,"Trucks, Vehicles, and Jeeps",captured,postimg,https://i.postimg.cc/7LSW8dKp/35.png,,False
ZiL-131,"Trucks, Vehicles, and Jeeps",captured,postimg,https://i.postimg.cc/fL9yXJ40/bf.png,,False
ZiL-131,"Trucks, Vehicles, and Jeeps",captured,postimg,https://postimg.cc/87Yh4HSS,,False
ZiL-131,"Trucks, Vehicles, and Jeeps",captured,postimg,https://i.postimg.cc/fLFKfwz9/s4.png,,False
ZiL-131,"Trucks, Vehicles, and Jeeps",captured,postimg,https://i.postimg.cc/cChFLXF9/4333.png,,False
ZiL-131,"Trucks, Vehicles, and Jeeps",captured,postimg,https://i.postimg.cc/vH6XjZGt/4f6.png,,False
ZiL-131,"Trucks, Vehicles, and Jeeps",captured,postimg,https://i.postimg.cc/VkykBdTy/887k.png,,False
ZiL-131 'VEPR',"Trucks, Vehicles, and Jeeps",captured,postimg,https://i.postimg.cc/Bb3Fnx8v/bl.png,,False
ZiL-131 tanker,"Trucks, Vehicles, and Jeeps",destroyed,postimg,https://i.postimg.cc/0NKd9XFP/43.png,,False
ZiL-131 tanker,"Trucks, Vehicles, and Jeeps",abandoned,postimg,https://i.postimg.cc/bvh79gN2/d240.png,,False
ZiL-131 tanker,"Trucks, Vehicles, and Jeeps",captured,postimg,https://i.postimg.cc/vBpfYjxd/g8.png,,False
ZiL-157,"Trucks, Vehicles, and Jeeps",captured,postimg,https://i.postimg.cc/05h304Pd/Screenshot-8143.png,,False
ZiL-181,"Trucks, Vehicles, and Jeeps",destroyed,postimg,https://i.postimg.cc/4dh6yP2f/d1.png,,False
ZiL-4331,"Trucks, Vehicles, and Jeeps",captured,postimg,https://i.postimg.cc/jdwPsc1f/1012.jpg,,False
Ural-375D,"Trucks, Vehicles, and Jeeps",destroyed,postimg,https://postimg.cc/zLGjfVk0,,False
Ural-375D,"Trucks, Vehicles, and Jeeps",captured,postimg,https://i.postimg.cc/90crT04r/776.png,,False
Ural-375D,"Trucks, Vehicles, and Jeeps",captured,postimg,https://i.postimg.cc/cHZMXQ6m/Screenshot-8149.png,,False
Ural-375D,"Trucks, Vehicles, and Jeeps",captured,postimg,https://i.postimg.cc/3wrx1NYG/Screenshot-8113.png,,False
Ural-375D,"Trucks, Vehicles, and Jeeps",captured,postimg,https://i.postimg.cc/NM5JHFdK/4331.png,,False
Ural-375D,"Trucks, Vehicles, and Jeeps",captured,postimg,https://i.postimg.cc/tT4XMQ4W/6665.jpg,,False
Ural-375D,"Trucks, Vehicles, and Jeeps",captured,postimg,https://i.postimg.cc/vHvy3FYx/31.png,,False
Ural-375D,"Trucks, Vehicles, and Jeeps",captured,postimg,https://i.postimg.cc/P5WfMppV/399.png,,False
Ural-4320,"Trucks, Vehicles, and Jeeps",destroyed,postimg,https://postimg.cc/yJNnspb7,,False
Ural-4320,"Trucks, Vehicles, and Jeeps",destroyed,postimg,https://i.postimg.cc/vmqnP67C/223.png,,False
Ural-4320,"Trucks, Vehicles, and Jeeps",destroyed,postimg,https://i.postimg.cc/rshQS3MH/f4.png,,False
Ural-4320,"Trucks, Vehicles, and Jeeps",destroyed,postimg,https://i.postimg.cc/GmRQzM1X/g8k.png,,False
Ural-4320,"Trucks, Vehicles, and Jeeps",destroyed,postimg,https://i.postimg.cc/YStP5QYc/16.png,,False
Ural-4320,"Trucks, Vehicles, and Jeeps",destroyed,postlmg,https://postlmg.cc/ygc8qzLD,,False
Ural-4320,"Trucks, Vehicles, and Jeeps",destroyed,postimg,https://i.postimg.cc/TY5V8GDn/36.png,,False
Ural-4320,"Trucks, Vehicles, and Jeeps",destroyed,postimg,https://i.postimg.cc/JzB6VTpG/1009.png,,False
Ural-4320,"Trucks, Vehicles, and Jeeps","AA gun, destroyed",postimg,https://postimg.cc/K17djsQB,,False
Ural-4320,"Trucks, Vehicles, and Jeeps","AA gun, destroyed",postimg,https://postimg.cc/K17djsQB,,False
Ural-4320,"Trucks, Vehicles, and Jeeps",destroyed,postimg,https://i.postimg.cc/W1yLc2Qj/1011.png,,False
Ural-4320,"Trucks, Vehicles, and Jeeps",destroyed,postimg,https://i.postimg.cc/6p203Qjd/7.png,,False
Ural-4320,"Trucks, Vehicles, and Jeeps",destroyed,postimg,https://i.postimg.cc/HxyLd7jM/1018-unkn-truck-2x.jpg,,False
Ural-4320,"Trucks, Vehicles, and Jeeps",destroyed,postimg,https://i.postimg.cc/HxyLd7jM/1018-unkn-truck-2x.jpg,,False
Ural-4320,"Trucks, Vehicles, and Jeeps",destroyed,postimg,https://i.postimg.cc/xqr34p57/10-13-2022-UA-Ural-4320-destroyed.png,,False
Ural-4320,"Trucks, Vehicles, and Jeeps",destroyed,postimg,https://i.postimg.cc/N0nx31kj/UA-GAZ-66-Zil-130-Ural-4320-destroyed.png,,False
Ural-4320,"Trucks, Vehicles, and Jeeps",destroyed,postimg,https://i.postimg.cc/RZS6tgpJ/5g3.png,,False
Ural-4320,"Trucks, Vehicles, and Jeeps",destroyed,postimg,https://i.postimg.cc/GpC9Lftt/4f3.png,,False
Ural-4320,"Trucks, Vehicles, and Jeeps",destroyed,postimg,https://i.postimg.cc/6QqYyLGV/y6.png,,False
Ural-4320,"Trucks, Vehicles, and Jeeps",destroyed,postimg,https://i.postimg.cc/jjdsLDZ5/2025-Ural-4320-07-05-22.jpg,,False
Ural-4320,"Trucks, Vehicles, and Jeeps",destroyed,postimg,https://i.postimg.cc/Pf2zCj16/549.png,,False
Ural-4320,"Trucks, Vehicles, and Jeeps","AA gun, destroyed",postimg,https://i.postimg.cc/Nf1n6LYk/433.png,,False
Ural-4320,"Trucks, Vehicles, and Jeeps","AA gun, destroyed",postimg,https://i.postimg.cc/Nf1n6LYk/433.png,,False
Ural-4320,"Trucks, Vehicles, and Jeeps",destroyed,postimg,https://i.postimg.cc/nrmjF8wp/3360.png,,False
Ural-4320,"Trucks, Vehicles, and Jeeps",damaged,postimg,https://i.postimg.cc/MH0p4XKm/Ukrainian-Ural-4320.png,,False
Ural-4320,"Trucks, Vehicles, and Jeeps",damaged and captured,postimg,https://i.postimg.cc/GmVqtBjC/328.png,,False
Ural-4320,"Trucks, Vehicles, and Jeeps",captured,postimg,https://i.postimg.cc/02n6DFYg/314.png,,False
Ural-4320,"Trucks, Vehicles, and Jeeps",captured,postimg,https://i.postimg.cc/2yMp268K/tt1.png,,False
Ural-4320,"Trucks, Vehicles, and Jeeps",captured,postimg,https://i.postimg.cc/JnpvdY9K/32.png,,False
Ural-4320,"Trucks, Vehicles, and Jeeps",captured,postimg,https://i.postimg.cc/JnpvdY9K/32.png,,False
Ural-4320,"Trucks, Vehicles, and Jeeps",captured,postimg,https://postimg.cc/dLpRmzC7,,False
Ural-4320,"Trucks, Vehicles, and Jeeps",captured,postimg,https://i.postimg.cc/jdRM3Vky/f30.png,,False
Ural-4320,"Trucks, Vehicles, and Jeeps",captured,postimg,https://i.postimg.cc/4y6PXBMj/Screenshot-8166.png,,False
Ural tanker,"Trucks, Vehicles, and Jeeps",destroyed,postimg,https://i.postimg.cc/WpJ41Xjt/436.png,,False
Ural tanker,"Trucks, Vehicles, and Jeeps",captured,postimg,https://i.postimg.cc/2SzvZzbq/443.png,,False
Ural tanker,"Trucks, Vehicles, and Jeeps",captured,postimg,https://i.postimg.cc/3JrJjW1H/Screenshot-8172.png,,False
Ural tanker,"Trucks, Vehicles, and Jeeps",captured,postimg,https://i.postimg.cc/L8n977GC/Screenshot-8173.png,,False
Ural tanker,"Trucks, Vehicles, and Jeeps",captured,postimg,https://i.postimg.cc/C5t52NPf/Screenshot-8111.png,,False
Ural tanker,"Trucks, Vehicles, and Jeeps",captured,postimg,https://i.postimg.cc/SQtnjSSN/Screenshot-8112.png,,False
Ural tanker,"Trucks, Vehicles, and Jeeps",captured,postimg,https://i.postimg.cc/5tqNnVFZ/f3.png,,False
Ural tanker,"Trucks, Vehicles, and Jeeps",captured,postimg,https://i.postimg.cc/nrdDz39r/5g2.png,,False
KamAZ 6x6,"Trucks, Vehicles, and Jeeps",destroyed,postimg,https://i.postimg.cc/4y2CCd1m/1007-kamaz6x6-destr.jpg,,False
KamAZ 6x6,"Trucks, Vehicles, and Jeeps",destroyed,postimg,https://i.postimg.cc/sDDyzPWP/373.png,,False
KamAZ 6x6,"Trucks, Vehicles, and Jeeps",destroyed,postimg,https://i.postimg.cc/1RVL5bNs/3277.png,,False
KamAZ 6x6,"Trucks, Vehicles, and Jeeps",destroyed,postimg,https://i.postimg.cc/J4RXX01Z/3362.png,,False
KamAZ 6x6,"Trucks, Vehicles, and Jeeps",destroyed,postimg,https://i.postimg.cc/L4qWQF4C/kaaamazzzzz2.png,,False
KamAZ 6x6,"Trucks, Vehicles, and Jeeps",destroyed,postimg,https://postimg.cc/crdYNG8k,,False
KamAZ 6x6,"Trucks, Vehicles, and Jeeps",damaged and captured,postimg,https://i.postimg.cc/yx42BBdm/u1.png,,False
KamAZ 6x6,"Trucks, Vehicles, and Jeeps",captured,postimg,https://postimg.cc/zLGjfVk0,,False
KamAZ 6x6,"Trucks, Vehicles, and Jeeps",captured,postimg,https://i.postimg.cc/2yMp268K/tt1.png,,False
KamAZ 6x6,"Trucks, Vehicles, and Jeeps",captured,postimg,https://i.postimg.cc/cLZWjvBp/tt2.png,,False
KamAZ 6x6,"Trucks, Vehicles, and Jeeps",captured,postimg,https://postimg.cc/yD5fb39R,,False
KamAZ 6x6 tanker,"Trucks, Vehicles, and Jeeps",destroyed,postimg,https://i.postimg.cc/D0rnMvQc/44f2.png,,False
MAZ-537,"Trucks, Vehicles, and Jeeps",destroyed,postimg,https://i.postimg.cc/25RJZzWf/Screenshot-8076.png,,False
MAZ-537,"Trucks, Vehicles, and Jeeps",captured,postimg,https://i.postimg.cc/7LSW8dKp/35.png,,False
MAZ-500 tanker,"Trucks, Vehicles, and Jeeps",destroyed,postimg,https://i.postimg.cc/GmXZ5RDV/64.png,,False
FMTV M1083A1P2,"Trucks, Vehicles, and Jeeps",destroyed,postimg,https://i.postimg.cc/x1xtm4D1/2003-Oshkosh-FMTV-M1083-A1-P2-truck-destr.jpg,,False
FMTV M1083A1P2,"Trucks, Vehicles, and Jeeps",destroyed,postimg,https://i.postimg.cc/26b4MCdZ/2003-m777-truck-destr.jpg,,False
FMTV M1083A1P2,"Trucks, Vehicles, and Jeeps",destroyed,postimg,https://i.postimg.cc/PrDcsPX5/2001.jpg,,False
Mercedes-Benz Unimog U1300L ambulance,"Trucks, Vehicles, and Jeeps",destroyed,postimg,https://i.postimg.cc/zfHjyW8Y/2001-unimog.jpg,,False
Pinzgauer Vector 718,"Trucks, Vehicles, and Jeeps",damaged,postimg,https://i.postimg.cc/Bb85pvw6/2000-Pinzgauer-Vector-718.jpg,,False
Pinzgauer Vector 718,"Trucks, Vehicles, and Jeeps",damaged,postimg,https://i.postimg.cc/RhtL6vNB/2000-Pinzgauer-Vector-718-PPV-dam.jpg,,False
Land Rover Snatch,"Trucks, Vehicles, and Jeeps",destroyed,postimg,https://i.postimg.cc/v8fYJRDb/46f.png,,False
Land Rover Snatch,"Trucks, Vehicles, and Jeeps",destroyed,postimg,https://i.postimg.cc/zfZgczbq/446.png,,False
Land Rover Snatch,"Trucks, Vehicles, and Jeeps",destroyed,postimg,https://i.postimg.cc/ydyWpJkc/57.png,,False
UAZ-452 van,"Trucks, Vehicles, and Jeeps",destroyed,postimg,https://i.postimg.cc/Kc5kxLHn/hh6.jpg,,False
UAZ-452 van,"Trucks, Vehicles, and Jeeps",destroyed,postimg,https://i.postimg.cc/k5mD2Xc6/76.jpg,,False
UAZ-452 van,"Trucks, Vehicles, and Jeeps",destroyed,postimg,https://i.postimg.cc/3R9d5LPR/2000.jpg,,False
UAZ-452 van,"Trucks, Vehicles, and Jeeps",destroyed,postimg,https://i.postimg.cc/BQndX72n/2003-uaz452-kozak2-destr.jpg,,False
UAZ-452 van,"Trucks, Vehicles, and Jeeps",destroyed,postimg,https://i.postimg.cc/90FYgx9C/1013-uaz452-destr.jpg,,False
UAZ-452 van,"Trucks, Vehicles, and Jeeps",destroyed,postimg,https://i.postimg.cc/MTZSxKxv/4f21.png,,False
UAZ-452 van,"Trucks, Vehicles, and Jeeps",destroyed,postimg,https://i.postimg.cc/Gphj6Dxr/549.png,,False
UAZ-452 van,"Trucks, Vehicles, and Jeeps",destroyed,postimg,https://i.postimg.cc/5NpMjjVq/763.png,,False
UAZ-452 van,"Trucks, Vehicles, and Jeeps",destroyed,postimg,https://i.postimg.cc/6QHg5QjX/443k.png,,False
UAZ-452 van,"Trucks, Vehicles, and Jeeps",destroyed,postimg,https://i.postimg.cc/DwTzQGQT/480.png,,False
UAZ-452 van,"Trucks, Vehicles, and Jeeps",damaged and abandoned,postimg,https://i.postimg.cc/T3K9sgbT/32770.png,,False
UAZ-452 van,"Trucks, Vehicles, and Jeeps",captured,postimg,https://i.postimg.cc/NFjnSrgK/bl.png,,False
UAZ-452 van,"Trucks, Vehicles, and Jeeps",captured,postimg,https://i.postimg.cc/d0vnz2LL/2dh.png,,False
UAZ-469 jeep,"Trucks, Vehicles, and Jeeps",destroyed,postlmg,https://postlmg.cc/yWHNY0kF,,False
UAZ-469 jeep,"Trucks, Vehicles, and Jeeps",destroyed,postimg,https://i.postimg.cc/C5hRYrst/4f76.png,,False
UAZ-469 jeep,"Trucks, Vehicles, and Jeeps",destroyed,postimg,https://i.postimg.cc/t48z389M/2000-UAZ-469-destr.jpg,,False
UAZ-469 jeep,"Trucks, Vehicles, and Jeeps",damaged and abandoned,postimg,https://i.postimg.cc/WpGVCJVL/324.png,,False
UAZ-469 jeep,"Trucks, Vehicles, and Jeeps",damaged and abandoned,postimg,https://i.postimg.cc/kGck4KM2/257.png,,False
UAZ-469 jeep,"Trucks, Vehicles, and Jeeps",captured,postimg,https://i.postimg.cc/HLT8ySnD/1014.jpg,,False
UAZ-469 jeep,"Trucks, Vehicles, and Jeeps",captured,postimg,https://i.postimg.cc/tgpMs65F/Screenshot-8026.png,,False
UAZ-469 jeep,"Trucks, Vehicles, and Jeeps",captured,postimg,https://i.postimg.cc/kXMB2DzL/43.png,,False
UAZ-469 jeep,"Trucks, Vehicles, and Jeeps",captured,postimg,https://i.postimg.cc/90crT04r/776.png,,False
UAZ-469 jeep,"Trucks, Vehicles, and Jeeps",captured,postimg,https://i.postimg.cc/vHXz28qN/3f.jpg,,False
Armoured Volkswagen Amarok pickup truck,"Trucks, Vehicles, and Jeeps",damaged and captured,postimg,https://i.postimg.cc/tgB7S9GQ/65.png,,False
MAN KAT 4x4,"Trucks, Vehicles, and Jeeps",destroyed,postimg,https://i.postimg.cc/FRwKF7qJ/2007_MAN_KAT_4x4_destr_28_01_24.jpg,,False
Armed pickup truck,"Trucks, Vehicles, and Jeeps","AA gun, destroyed",postimg,https://i.postimg.cc/02vqMs8b/6690.jpg,,False
Armed pickup truck,"Trucks, Vehicles, and Jeeps","AA gun, destroyed",postimg,https://i.postimg.cc/02vqMs8b/6690.jpg,,False
Armed pickup truck,"Trucks, Vehicles, and Jeeps","with KPV HMG, destroyed",postimg,https://i.postimg.cc/Vsn8k6Px/6689.jpg,,False
Armed pickup truck,"Trucks, Vehicles, and Jeeps","HMG, destroyed",postimg,https://i.postimg.cc/gjQnYBXn/87.jpg,,False
Armed pickup truck,"Trucks, Vehicles, and Jeeps","HMG, destroyed",postimg,https://i.postimg.cc/gjQnYBXn/87.jpg,,False
Peugeot P4,"Trucks, Vehicles, and Jeeps",destroyed,postimg,https://i.postimg.cc/gkd4DQVG/2000-Peugeot-P4.jpg,,False
Iveco VM90,"Trucks, Vehicles, and Jeeps",destroyed,postimg,https://i.postimg.cc/VNW4W9Jw/443f3.png,,False
Unknown truck,"Trucks, Vehicles, and Jeeps",destroyed,postimg,https://i.postimg.cc/d0jcH5hy/542.png,,False
Unknown truck,"Trucks, Vehicles, and Jeeps",destroyed,postimg,https://i.postimg.cc/4yz0rXTH/6h6.jpg,,False
Unknown truck,"Trucks, Vehicles, and Jeeps",destroyed,postimg,https://i.postimg.cc/ryd7kXqN/1013.png,,False
Unknown truck,"Trucks, Vehicles, and Jeeps",destroyed,postimg,https://i.postimg.cc/QdnM0gx9/4fh.png,,False
Unknown truck,"Trucks, Vehicles, and Jeeps",destroyed,postimg,https://i.postimg.cc/BnNpxWwv/33.jpg,,False
Unknown truck,"Trucks, Vehicles, and Jeeps",destroyed,postimg,https://i.postimg.cc/BnNpxWwv/33.jpg,,False
Unknown truck,"Trucks, Vehicles, and Jeeps",destroyed,postimg,https://i.postimg.cc/BnNpxWwv/33.jpg,,False
Unknown truck,"Trucks, Vehicles, and Jeeps",destroyed,postimg,https://i.postimg.cc/RCpCY8cX/8i.png,,False
Unknown truck,"Trucks, Vehicles, and Jeeps",destroyed,postlmg,https://postlmg.cc/yWr0VsJ4,,False
Unknown truck,"Trucks, Vehicles, and Jeeps",destroyed,postimg,https://i.postimg.cc/xTtBCC95/6hk.jpg,,False
Unknown truck,"Trucks, Vehicles, and Jeeps",destroyed,postimg,https://i.postimg.cc/xTtBCC95/6hk.jpg,,False
Unknown truck,"Trucks, Vehicles, and Jeeps",destroyed,postimg,https://i.postimg.cc/xTtBCC95/6hk.jpg,,False
Unknown truck,"Trucks, Vehicles, and Jeeps",destroyed,postimg,https://i.postimg.cc/xjHhH1Wr/ku4.png,,False
Unknown truck,"Trucks, Vehicles, and Jeeps",destroyed,postimg,https://i.postimg.cc/mkDzPGdT/te2.png,,False
Unknown truck,"Trucks, Vehicles, and Jeeps",destroyed,postimg,https://i.postimg.cc/J0bFWpb7/ku3.png,,False
Unknown truck,"Trucks, Vehicles, and Jeeps",destroyed,postimg,https://i.postimg.cc/fLSF8zy9/ku1.png,,False
Unknown truck,"Trucks, Vehicles, and Jeeps",destroyed,postimg,https://i.postimg.cc/8PB853th/477.png,,False
Unknown truck,"Trucks, Vehicles, and Jeeps",destroyed,postimg,https://i.postimg.cc/L8GZd2sh/321.png,,False
Unknown truck,"Trucks, Vehicles, and Jeeps",destroyed,postimg,https://i.postimg.cc/vB4Tf41M/764.jpg,,False
Unknown truck,"Trucks, Vehicles, and Jeeps",destroyed,postimg,https://i.postimg.cc/xdxy9bDS/t1.jpg,,False
Unknown truck,"Trucks, Vehicles, and Jeeps",destroyed,postimg,https://i.postimg.cc/nzXKrcp9/t2.jpg,,False
Unknown truck,"Trucks, Vehicles, and Jeeps",destroyed,postimg,https://i.postimg.cc/mg7VFFRp/668.jpg,,False
Unknown truck,"Trucks, Vehicles, and Jeeps",destroyed,postimg,https://postimg.cc/67ZynDH1,,False
Unknown truck,"Trucks, Vehicles, and Jeeps",destroyed,postimg,https://i.postimg.cc/8CzFgs7w/g1.jpg,,False
Unknown truck,"Trucks, Vehicles, and Jeeps",destroyed,postimg,https://i.postimg.cc/4nRZf2Bs/g2.jpg,,False
Unknown truck,"Trucks, Vehicles, and Jeeps",destroyed,postimg,https://i.postimg.cc/zvgJtQfW/2002.jpg,,False
Unknown truck,"Trucks, Vehicles, and Jeeps",destroyed,postimg,https://postimg.cc/0zmXQ3ph,,False
Unknown truck,"Trucks, Vehicles, and Jeeps",destroyed,postimg,https://postimg.cc/YLhbwyrn,,False
Unknown truck,"Trucks, Vehicles, and Jeeps",destroyed,postimg,https://postimg.cc/1fVJCTY4,,False
Unknown truck,"Trucks, Vehicles, and Jeeps",destroyed,postimg,https://i.postimg.cc/15GCKJtS/2003-unkn-truck.jpg,,False
Unknown truck,"Trucks, Vehicles, and Jeeps",destroyed,postimg,https://i.postimg.cc/gjNYh2K4/d35.png,,False
Unknown truck,"Trucks, Vehicles, and Jeeps",destroyed,postimg,https://i.postimg.cc/W3smp5Yr/4ff2.png,,False
Unknown truck,"Trucks, Vehicles, and Jeeps",destroyed,postimg,https://i.postimg.cc/Yqv4XN4z/2006-truck.jpg,,False
Unknown truck,"Trucks, Vehicles, and Jeeps",destroyed,postimg,https://i.postimg.cc/CM63zFgJ/443.png,,False
Unknown truck,"Trucks, Vehicles, and Jeeps",destroyed,postimg,https://i.postimg.cc/CM63zFgJ/443.png,,False
Unknown truck,"Trucks, Vehicles, and Jeeps",destroyed,postimg,https://i.postimg.cc/K8kwYzYC/3d21.png,,False
Unknown truck,"Trucks, Vehicles, and Jeeps",destroyed,postimg,https://i.postimg.cc/K8kwYzYC/3d21.png,,False
Unknown truck,"Trucks, Vehicles, and Jeeps",destroyed,postimg,https://i.postimg.cc/4NDBkRtF/3326.png,,False
Unknown truck,"Trucks, Vehicles, and Jeeps",destroyed,postimg,https://i.postimg.cc/yNPWshtg/53.png,,False
Unknown truck,"Trucks, Vehicles, and Jeeps",destroyed,postimg,https://i.postimg.cc/90Ff8tcv/4776.png,,False
Unknown truck,"Trucks, Vehicles, and Jeeps",destroyed,postimg,https://i.postimg.cc/J496djT1/43.png,,False
Unknown truck,"Trucks, Vehicles, and Jeeps",damaged,postimg,https://i.postimg.cc/4xBF4TJG/37.jpg,,False
Unknown truck,"Trucks, Vehicles, and Jeeps",damaged,postimg,https://i.postimg.cc/4xBF4TJG/37.jpg,,False
Unknown truck,"Trucks, Vehicles, and Jeeps",damaged and abandoned,postimg,https://i.postimg.cc/3Jzj3bLL/bnm.png,,False
Unknown truck,"Trucks, Vehicles, and Jeeps",captured,postimg,https://i.postimg.cc/JnP8Cxr0/Screenshot-8249.png,,False
Unknown truck,"Trucks, Vehicles, and Jeeps",captured,postimg,https://i.postimg.cc/c1Dj5KT3/3557.png,,False
Unknown truck,"Trucks, Vehicles, and Jeeps",captured,postimg,https://i.postimg.cc/c1Dj5KT3/3557.png,,False
Unknown truck,"Trucks, Vehicles, and Jeeps",captured,postlmg,https://postlmg.cc/470fJLsW,,False
Unknown vehicle,"Trucks, Vehicles, and Jeeps",destroyed,postimg,https://i.postimg.cc/8zp60hrh/32.jpg,,False
Unknown vehicle,"Trucks, Vehicles, and Jeeps",destroyed,postimg,https://i.postimg.cc/8zp60hrh/32.jpg,,False
Unknown vehicle,"Trucks, Vehicles, and Jeeps",destroyed,postimg,https://i.postimg.cc/ZqBzP3Qx/5gj.png,,False
Unknown vehicle,"Trucks, Vehicles, and Jeeps",destroyed,postimg,https://i.postimg.cc/ZqBzP3Qx/5gj.png,,False
Unknown vehicle,"Trucks, Vehicles, and Jeeps",destroyed,postimg,https://i.postimg.cc/3Nzz7rkv/u1.jpg,,False
Unknown vehicle,"Trucks, Vehicles, and Jeeps",destroyed,postimg,https://i.postimg.cc/G3fWvKXm/u2.jpg,,False
Unknown vehicle,"Trucks, Vehicles, and Jeeps",destroyed,postimg,https://i.postimg.cc/RVCJ72dZ/u1.jpg,,False
Unknown vehicle,"Trucks, Vehicles, and Jeeps",destroyed,postimg,https://i.postimg.cc/wjyvFzmg/446.jpg,,False
Unknown vehicle,"Trucks, Vehicles, and Jeeps",destroyed,postimg,https://i.postimg.cc/W43yHnyk/f6.jpg,,False
Unknown vehicle,"Trucks, Vehicles, and Jeeps",destroyed,postimg,https://i.postimg.cc/pT562dRV/f7.jpg,,False
Unknown vehicle,"Trucks, Vehicles, and Jeeps",destroyed,postimg,https://i.postimg.cc/d0y9nJW1/33y.png,,False
Unknown vehicle,"Trucks, Vehicles, and Jeeps",destroyed,postimg,https://i.postimg.cc/yNgPRr5v/t12.jpg,,False
Unknown vehicle,"Trucks, Vehicles, and Jeeps",destroyed,postimg,https://i.postimg.cc/qvjrSD3d/779.jpg,,False
Unknown vehicle,"Trucks, Vehicles, and Jeeps",destroyed,postimg,https://i.postimg.cc/RFTN92sS/4467.jpg,,False
Unknown vehicle,"Trucks, Vehicles, and Jeeps",destroyed,postimg,https://i.postimg.cc/GphX6Wjv/2001.jpg,,False
Unknown vehicle,"Trucks, Vehicles, and Jeeps",destroyed,postlmg,https://postlmg.cc/phXQVhnt,,False
Unknown vehicle,"Trucks, Vehicles, and Jeeps",destroyed,postimg,https://i.postimg.cc/Hn0ndS94/2007-unkn-veh-destr.jpg,,False
Unknown vehicle,"Trucks, Vehicles, and Jeeps",destroyed,postimg,https://i.postimg.cc/VN6x5cGB/477.png,,False
Unknown vehicle,"Trucks, Vehicles, and Jeeps",destroyed,postimg,https://i.postimg.cc/nr1bj67m/4318.png,,False
Unknown vehicle,"Trucks, Vehicles, and Jeeps",destroyed,postimg,https://i.postimg.cc/FKjwYM0x/287.png,,False
Unknown vehicle,"Trucks, Vehicles, and Jeeps",destroyed,postimg,https://i.postimg.cc/xdJMgQ6K/4366.png,,False
Unknown vehicle,"Trucks, Vehicles, and Jeeps",destroyed,postimg,https://i.postimg.cc/Fs3MkFsD/5g3.png,,False
Unknown vehicle,"Trucks, Vehicles, and Jeeps",destroyed,postimg,https://i.postimg.cc/QCrq2DGd/f2f.png,,False
Unknown vehicle,"Trucks, Vehicles, and Jeeps",destroyed,postimg,https://i.postimg.cc/5ynFsWfG/f2fo.png,,False
Unknown vehicle,"Trucks, Vehicles, and Jeeps",destroyed,postimg,https://i.postimg.cc/3wPcHfKr/47.png,,False
Unknown vehicle,"Trucks, Vehicles, and Jeeps",destroyed,postimg,https://i.postimg.cc/BnFFVmwB/370.png,,False
Unknown vehicle,"Trucks, Vehicles, and Jeeps",destroyed,postimg,https://i.postimg.cc/J79Z5wpz/5879.png,,False
Unknown vehicle,"Trucks, Vehicles, and Jeeps",destroyed,postimg,https://i.postimg.cc/05Fc9zXP/438.png,,False
Unknown vehicle,"Trucks, Vehicles, and Jeeps",destroyed,postimg,https://i.postimg.cc/JhSGsCfD/479.png,,False
Unknown vehicle,"Trucks, Vehicles, and Jeeps",destroyed,postimg,https://i.postimg.cc/XqCKrg13/43770.png,,False
Unknown vehicle,"Trucks, Vehicles, and Jeeps",destroyed,postimg,https://i.postimg.cc/KYLDHLBh/5590.png,,False
Unknown vehicle,"Trucks, Vehicles, and Jeeps",destroyed,postimg,https://i.postimg.cc/K8GfvVxC/265.png,,False
Unknown vehicle,"Trucks, Vehicles, and Jeeps",destroyed,postimg,https://i.postimg.cc/bY1908vK/f38.png,,False
Unknown vehicle,"Trucks, Vehicles, and Jeeps",destroyed,postimg,https://postimg.cc/QFzg9x1V,,False
